-- phpMyAdmin SQL Dump
-- version 5.2.1
-- https://www.phpmyadmin.net/
--
-- 主機： 127.0.0.1
-- 產生時間： 2025-08-26 11:37:41
-- 伺服器版本： 8.0.40
-- PHP 版本： 8.1.25

SET SQL_MODE = "NO_AUTO_VALUE_ON_ZERO";
START TRANSACTION;
SET time_zone = "+00:00";


/*!40101 SET @OLD_CHARACTER_SET_CLIENT=@@CHARACTER_SET_CLIENT */;
/*!40101 SET @OLD_CHARACTER_SET_RESULTS=@@CHARACTER_SET_RESULTS */;
/*!40101 SET @OLD_COLLATION_CONNECTION=@@COLLATION_CONNECTION */;
/*!40101 SET NAMES utf8mb4 */;

--
-- 資料庫： `nexfit_test`
--

-- --------------------------------------------------------

--
-- 資料表結構 `accounts`
--

CREATE TABLE `accounts` (
  `id` bigint UNSIGNED NOT NULL,
  `userId` bigint UNSIGNED NOT NULL,
  `type` varchar(191) NOT NULL,
  `provider` varchar(191) NOT NULL,
  `providerAccountId` varchar(191) NOT NULL,
  `refresh_token` text,
  `access_token` text,
  `expires_at` int DEFAULT NULL,
  `token_type` varchar(191) DEFAULT NULL,
  `scope` varchar(191) DEFAULT NULL,
  `id_token` text,
  `session_state` varchar(191) DEFAULT NULL,
  `created_at` timestamp NULL DEFAULT CURRENT_TIMESTAMP,
  `updated_at` timestamp NULL DEFAULT CURRENT_TIMESTAMP ON UPDATE CURRENT_TIMESTAMP
) ENGINE=InnoDB DEFAULT CHARSET=utf8mb4 COLLATE=utf8mb4_0900_ai_ci;

--
-- 傾印資料表的資料 `accounts`
--

INSERT INTO `accounts` (`id`, `userId`, `type`, `provider`, `providerAccountId`, `refresh_token`, `access_token`, `expires_at`, `token_type`, `scope`, `id_token`, `session_state`, `created_at`, `updated_at`) VALUES
(6, 57, 'oauth', 'firebase', 'H3l7UVjPFfbmCenT4zJ7q7n2TdY2', NULL, NULL, NULL, NULL, NULL, NULL, NULL, '2025-08-18 08:01:25', '2025-08-18 08:01:25');

-- --------------------------------------------------------

--
-- 資料表結構 `body_measurements`
--

CREATE TABLE `body_measurements` (
  `measurement_id` int NOT NULL,
  `user_id` bigint UNSIGNED NOT NULL,
  `height` decimal(5,1) DEFAULT NULL,
  `weight` decimal(5,1) DEFAULT NULL,
  `bmi` decimal(4,1) DEFAULT NULL,
  `waist` decimal(5,1) DEFAULT NULL,
  `body_fat_percentage` decimal(4,1) DEFAULT NULL,
  `muscle_mass` decimal(5,1) DEFAULT NULL,
  `skeletal_muscle_mass` decimal(5,1) DEFAULT NULL,
  `measurement_date` date DEFAULT NULL,
  `updated_at` timestamp NULL DEFAULT CURRENT_TIMESTAMP,
  `updated_by` varchar(50) DEFAULT NULL
) ENGINE=InnoDB DEFAULT CHARSET=utf8mb4 COLLATE=utf8mb4_0900_ai_ci;

--
-- 傾印資料表的資料 `body_measurements`
--

INSERT INTO `body_measurements` (`measurement_id`, `user_id`, `height`, `weight`, `bmi`, `waist`, `body_fat_percentage`, `muscle_mass`, `skeletal_muscle_mass`, `measurement_date`, `updated_at`, `updated_by`) VALUES
(1, 31, 163.0, 54.0, 20.3, 68.0, 24.6, 38.1, 22.3, NULL, '2025-05-16 03:00:43', 'admin'),
(2, 32, 165.0, 56.0, 20.6, 69.0, 23.8, 40.0, 23.5, NULL, '2025-05-16 03:00:43', 'admin'),
(3, 1, 176.0, 72.0, 23.2, 82.0, 18.5, 55.4, 33.6, NULL, '2025-05-16 03:00:43', 'admin');

-- --------------------------------------------------------

--
-- 資料表結構 `carts`
--

CREATE TABLE `carts` (
  `id` int UNSIGNED NOT NULL,
  `user_id` bigint UNSIGNED NOT NULL,
  `created_at` timestamp NULL DEFAULT CURRENT_TIMESTAMP,
  `updated_at` timestamp NULL DEFAULT CURRENT_TIMESTAMP ON UPDATE CURRENT_TIMESTAMP
) ENGINE=InnoDB DEFAULT CHARSET=utf8mb4 COLLATE=utf8mb4_unicode_ci;

--
-- 傾印資料表的資料 `carts`
--

INSERT INTO `carts` (`id`, `user_id`, `created_at`, `updated_at`) VALUES
(1, 1, '2025-05-14 12:50:16', '2025-05-14 12:50:16'),
(2, 3, '2025-05-21 03:27:03', '2025-05-21 03:27:03'),
(3, 32, '2025-05-21 05:32:25', '2025-05-21 05:32:25'),
(4, 31, '2025-05-21 06:29:45', '2025-05-21 06:29:45'),
(9, 27, '2025-05-26 02:09:43', '2025-05-26 02:09:43'),
(10, 20, '2025-05-26 02:24:00', '2025-05-26 02:24:00'),
(11, 17, '2025-05-26 03:36:35', '2025-05-26 03:36:35'),
(12, 2, '2025-05-26 07:24:29', '2025-05-26 07:24:29'),
(14, 8, '2025-05-27 02:15:00', '2025-05-27 02:15:00'),
(15, 5, '2025-05-27 02:30:21', '2025-05-27 02:30:21'),
(16, 4, '2025-05-29 03:38:32', '2025-05-29 03:38:32'),
(17, 23, '2025-05-29 07:51:55', '2025-05-29 07:51:55'),
(18, 56, '2025-06-02 02:10:12', '2025-06-02 02:10:12'),
(19, 16, '2025-06-02 15:26:04', '2025-06-02 15:26:04'),
(20, 12, '2025-06-04 18:23:08', '2025-06-04 18:23:08'),
(21, 58, '2025-08-18 08:03:22', '2025-08-18 08:03:22');

-- --------------------------------------------------------

--
-- 資料表結構 `cart_items`
--

CREATE TABLE `cart_items` (
  `id` int UNSIGNED NOT NULL,
  `cart_id` int UNSIGNED NOT NULL,
  `product_id` int UNSIGNED NOT NULL,
  `quantity` int UNSIGNED NOT NULL DEFAULT '1',
  `created_at` timestamp NULL DEFAULT CURRENT_TIMESTAMP
) ENGINE=InnoDB DEFAULT CHARSET=utf8mb4 COLLATE=utf8mb4_unicode_ci;

--
-- 傾印資料表的資料 `cart_items`
--

INSERT INTO `cart_items` (`id`, `cart_id`, `product_id`, `quantity`, `created_at`) VALUES
(76, 4, 2, 1, '2025-05-20 16:09:02'),
(116, 11, 27, 2, '2025-05-26 03:36:35'),
(117, 11, 38, 1, '2025-05-26 03:36:37'),
(120, 14, 39, 4, '2025-05-27 02:15:00'),
(121, 14, 38, 3, '2025-05-27 02:25:21'),
(122, 14, 35, 2, '2025-05-27 02:25:25'),
(141, 15, 38, 3, '2025-05-27 02:50:15'),
(142, 15, 39, 2, '2025-05-27 02:50:15'),
(145, 12, 39, 2, '2025-05-27 02:57:36'),
(146, 12, 38, 3, '2025-05-27 02:58:26'),
(169, 3, 8, 1, '2025-05-27 08:58:20'),
(170, 3, 13, 1, '2025-05-27 08:58:20'),
(171, 14, 8, 2, '2025-05-29 03:04:07'),
(174, 16, 2, 5, '2025-05-29 03:38:32'),
(184, 19, 2, 1, '2025-06-02 15:26:04'),
(235, 20, 4, 3, '2025-06-05 02:39:37'),
(236, 20, 2, 1, '2025-06-05 02:48:24'),
(237, 20, 8, 1, '2025-06-05 02:48:26'),
(239, 1, 4, 1, '2025-06-05 14:38:39'),
(242, 16, 4, 1, '2025-06-05 14:57:50'),
(243, 16, 7, 1, '2025-06-05 14:57:57'),
(263, 2, 7, 1, '2025-06-06 01:01:04'),
(265, 2, 8, 3, '2025-06-06 01:29:55');

-- --------------------------------------------------------

--
-- 資料表結構 `categories`
--

CREATE TABLE `categories` (
  `id` bigint UNSIGNED NOT NULL,
  `name` varchar(100) CHARACTER SET utf8mb4 COLLATE utf8mb4_general_ci NOT NULL
) ENGINE=InnoDB DEFAULT CHARSET=utf8mb4 COLLATE=utf8mb4_general_ci;

--
-- 傾印資料表的資料 `categories`
--

INSERT INTO `categories` (`id`, `name`) VALUES
(9, '全身循環'),
(6, '功能性訓練'),
(7, '心肺強化'),
(10, '恢復與放鬆'),
(1, '有氧燃脂'),
(3, '柔軟伸展'),
(2, '核心訓練'),
(5, '瑜珈冥想'),
(8, '肌力增強'),
(4, '重量訓練');

-- --------------------------------------------------------

--
-- 資料表結構 `coach`
--

CREATE TABLE `coach` (
  `id` bigint UNSIGNED NOT NULL,
  `name` varchar(100) CHARACTER SET utf8mb4 COLLATE utf8mb4_general_ci NOT NULL,
  `gender` varchar(10) CHARACTER SET utf8mb4 COLLATE utf8mb4_general_ci DEFAULT NULL,
  `image` text CHARACTER SET utf8mb4 COLLATE utf8mb4_general_ci,
  `location` varchar(200) CHARACTER SET utf8mb4 COLLATE utf8mb4_general_ci DEFAULT NULL,
  `classroom_name` varchar(100) CHARACTER SET utf8mb4 COLLATE utf8mb4_general_ci NOT NULL,
  `phone` varchar(20) CHARACTER SET utf8mb4 COLLATE utf8mb4_general_ci NOT NULL,
  `email` varchar(100) CHARACTER SET utf8mb4 COLLATE utf8mb4_general_ci NOT NULL,
  `facebook` varchar(255) CHARACTER SET utf8mb4 COLLATE utf8mb4_general_ci DEFAULT NULL,
  `line` varchar(100) CHARACTER SET utf8mb4 COLLATE utf8mb4_general_ci DEFAULT NULL,
  `instagram` varchar(255) CHARACTER SET utf8mb4 COLLATE utf8mb4_general_ci DEFAULT NULL
) ENGINE=InnoDB DEFAULT CHARSET=utf8mb4 COLLATE=utf8mb4_general_ci;

--
-- 傾印資料表的資料 `coach`
--

INSERT INTO `coach` (`id`, `name`, `gender`, `image`, `location`, `classroom_name`, `phone`, `email`, `facebook`, `line`, `instagram`) VALUES
(1, 'Lynn', '女', '/images/coach/coach1.jpg', '台北市大安區忠孝東路四段123號', '活力健身中心', '0912345678', 'lin.zihan@example.com', 'https://www.facebook.com/lin.zihan.fit', 'zihan123', 'https://www.instagram.com/lin.zihan.fit'),
(2, 'Kevin', '男', '/images/coach/coach3.jpg', '新北市板橋區文化路一段45號', '躍動運動教室', '0922333444', 'wang.junkai@example.com', 'https://www.facebook.com/junkai.wang', 'jkfit888', 'https://www.instagram.com/junkai.fit'),
(3, 'Irene', '女', '/images/coach/coach8.jpg', '台中市西屯區台灣大道三段200號', '太陽館健身房', '0933555666', 'chen.yijun@example.com', 'https://www.facebook.com/chen.yijun', 'yijunline', 'https://www.instagram.com/yijun.training'),
(4, 'Jason', '男', '/images/coach/coach4.jpg', '高雄市左營區自由三路58號', '鐵人教室', '0955666777', 'lee.chengxun@example.com', NULL, NULL, NULL),
(5, 'Sophia', '女', '/images/coach/coach9.jpg', '台南市東區崇德路120號', '樂動館', '0966888999', 'huang.shufen@example.com', NULL, NULL, NULL),
(6, 'Jack', '男', '/images/coach/coach6.jpg', '新竹市東區光復路二段88號', '原力健身房', '0977999000', 'chang.yaozhong@example.com', NULL, NULL, NULL),
(7, 'Fangyu', '女', '/images/coach/coach2.jpg', '桃園市中壢區中山路300號', '瑜悅空間', '0988111222', 'liu.fangyu@example.com', NULL, NULL, NULL),
(8, 'Sean', '男', '/images/coach/coach10.jpg', '基隆市仁愛區愛一路77號', '極限訓練坊', '0911999888', 'wu.zongxian@example.com', NULL, NULL, NULL),
(9, 'Peggy', '女', '/images/coach/coach5.jpg', '彰化市中正路200巷15號', '悅活教室', '0922555777', 'tsai.peirong@example.com', NULL, NULL, NULL),
(10, 'Howard', '男', '/images/coach/coach11.jpg', '花蓮市中山路101號', '山海健身房', '0933777999', 'lai.zhihao@example.com', NULL, NULL, NULL);

-- --------------------------------------------------------

--
-- 資料表結構 `coach_categories`
--

CREATE TABLE `coach_categories` (
  `id` bigint UNSIGNED NOT NULL,
  `coach_id` bigint UNSIGNED NOT NULL,
  `category_id` bigint UNSIGNED NOT NULL
) ENGINE=InnoDB DEFAULT CHARSET=utf8mb4 COLLATE=utf8mb4_0900_ai_ci;

--
-- 傾印資料表的資料 `coach_categories`
--

INSERT INTO `coach_categories` (`id`, `coach_id`, `category_id`) VALUES
(1, 1, 1),
(2, 1, 3),
(3, 1, 7),
(4, 2, 2),
(5, 2, 4),
(6, 2, 8),
(7, 3, 3),
(8, 3, 5),
(9, 4, 4),
(10, 4, 6),
(11, 4, 7),
(12, 5, 5),
(13, 5, 7),
(14, 6, 6),
(15, 6, 8),
(16, 6, 9),
(17, 7, 7),
(18, 7, 9),
(21, 8, 1),
(19, 8, 8),
(20, 8, 10),
(23, 9, 1),
(22, 9, 9),
(25, 10, 2),
(26, 10, 3),
(24, 10, 10);

-- --------------------------------------------------------

--
-- 資料表結構 `comments`
--

CREATE TABLE `comments` (
  `id` int UNSIGNED NOT NULL,
  `product_id` int UNSIGNED NOT NULL,
  `user_name` varchar(255) NOT NULL,
  `comment_text` text NOT NULL,
  `rating` tinyint UNSIGNED DEFAULT NULL,
  `created_at` timestamp NULL DEFAULT CURRENT_TIMESTAMP,
  `user_id` bigint UNSIGNED DEFAULT NULL,
  `order_id` varchar(255) NOT NULL
) ENGINE=InnoDB DEFAULT CHARSET=utf8mb4 COLLATE=utf8mb4_0900_ai_ci;

--
-- 傾印資料表的資料 `comments`
--

INSERT INTO `comments` (`id`, `product_id`, `user_name`, `comment_text`, `rating`, `created_at`, `user_id`, `order_id`) VALUES
(64, 34, '黎馨儀', '推薦給剛接觸健身的新手朋友。', 5, '2025-05-04 00:27:57', NULL, '0d63893a-d59b-4463-8570-d835fba574fd'),
(65, 20, '錢雅萍', '這款產品真的有幫助我突破訓練瓶頸。', 5, '2025-05-09 21:55:52', NULL, '5c4722fd-6c39-4559-8d20-fc143587f742'),
(66, 9, '王怡萱', '剛開始喝覺得味道普通，後來習慣了就還不錯。', 5, '2025-05-11 11:42:55', NULL, 'ac0850db-6951-4e31-b100-0916c6881f62'),
(67, 8, '鄧柏翰', '香草口味也很讚，不會太膩。', 4, '2025-05-14 16:50:52', NULL, '1902bad4-85d4-487e-b308-e504a9009472'),
(68, 18, '陳佳蓉', '這款搖搖杯容量剛好，好清洗。', 5, '2025-05-22 21:44:55', NULL, 'ba03d605-4093-43ff-b7ea-b3e4e3e843f8'),
(69, 17, '魏雅惠', '瓶身設計時尚，拿去健身房也好看。', 5, '2025-03-31 17:54:30', NULL, '5c942b25-052c-4643-abfd-f3e2b2f3516b'),
(70, 28, '周俊賢', '這款搖搖杯容量剛好，好清洗。', 3, '2025-05-04 02:00:51', NULL, 'f2ae1cbc-c906-461d-8697-e4a42db7227a'),
(71, 5, '鐘柏翰', '平常上健身課就靠它補充體力。', 3, '2025-04-09 11:22:00', NULL, '3a6aaf93-fcfc-4d10-af6e-d8985e2baa40'),
(72, 22, '王惠雯', '搭配健身菜單使用，效果顯著。', 4, '2025-05-21 19:49:05', NULL, '7fe19bbd-5d7d-43d2-aff8-a79db565ccc3'),
(73, 23, '張依婷', '運動前喝一杯，精神集中力明顯提高。', 3, '2025-04-14 18:59:49', NULL, '1e38b5a6-559b-4809-998e-ae383015fa95'),
(74, 24, '沈淑慧', '香草口味也很讚，不會太膩。', 5, '2025-05-03 09:18:23', NULL, '7c7da429-1fff-4011-b614-345fd53a7276'),
(75, 5, '李婉婷', '包裝密封設計很好，帶去健身房很方便。', 5, '2025-04-20 02:51:26', NULL, '785dd674-e1bd-4a24-83f2-516964db9fbe'),
(76, 2, '高飛', '容易吸收，不會肚子痛。', 5, '2025-05-24 07:19:31', NULL, '2a419470-96f4-4a2c-8cd7-0b38febc1f76'),
(77, 12, '余淑芬', '這款乳清蛋白不會脹氣，腸胃友好。', 5, '2025-03-29 18:25:39', NULL, 'e022679b-b10f-4ec5-bdd3-37553b7efe35'),
(78, 32, '蕭建宏', '訓練後喝這款，明顯比水單補效果更好。', 5, '2025-04-20 12:20:20', NULL, '0a2952d3-50e1-4865-9d37-713eae36c09a'),
(79, 1, '吳志偉', '這品牌一直以來都很有品質保證。', 4, '2025-04-16 21:48:14', NULL, '6c79dafa-56c1-4caf-8b97-2b6de013e1bf'),
(80, 17, '胡宗翰', '產品無添加糖，控制體重也可以喝。', 4, '2025-05-08 03:08:24', NULL, '20c061fb-ace9-4113-9134-2ebd260ca221'),
(81, 8, '郭承翰', '手搖杯密封性佳，搖一搖也不漏。', 5, '2025-05-10 12:13:26', NULL, '009f6c6d-ad4a-41a4-a1f3-d5a1fedf3519'),
(82, 27, '和宜庭', '喝完這款高蛋白感覺肌肉恢復快很多，推薦給健身的朋友。', 4, '2025-05-13 02:09:51', NULL, 'bf47c5d2-6c5a-418a-8306-c0325217f3c6'),
(83, 17, '馬筱涵', '搭配訓練吃這款乳清，效果很有感，回購多次了。', 5, '2025-04-18 02:28:04', NULL, 'f8035379-dcd0-4cf7-b224-b0738a62d8fe'),
(84, 21, '羅詩涵', '容易吸收，不會肚子痛。', 5, '2025-05-18 10:40:52', NULL, 'eaf76a36-8775-4ac7-99c2-e6909c152c14'),
(85, 9, '曹惠婷', '瓶身設計時尚，拿去健身房也好看。', 5, '2025-03-28 20:52:05', NULL, '013ac51e-45b5-437f-a632-97562ff419a8'),
(86, 30, '馬家豪', '冰起來喝超讚，口感升級。', 5, '2025-05-18 05:58:59', NULL, '7251c74d-1b15-4e1d-bf8d-23da8b24f844'),
(87, 9, '孫庭瑋', '運動前喝一杯，精神集中力明顯提高。', 4, '2025-04-19 22:23:40', NULL, '507eb6cd-6351-4354-ab09-797780365743'),
(88, 9, '朱怡安', '成分單純，沒有多餘添加物，喝起來也沒腥味。', 4, '2025-04-25 04:26:59', NULL, '3207d636-e959-4d4c-bc7c-cf46cd7fb19e'),
(89, 27, '康宜庭', '一喝就知道品質很好，不是劣質貨。', 4, '2025-04-07 16:34:44', NULL, 'd712022b-19b7-44cb-80df-a18c5f981ed3'),
(90, 14, '王琬婷', '味道很香，奶茶口味完全不輸一般手搖。', 5, '2025-04-17 20:37:26', NULL, '9525754c-dd0c-48d2-a120-e00aced78ce9'),
(91, 32, '鐘佳玲', '味道很香，奶茶口味完全不輸一般手搖。', 5, '2025-04-06 22:17:40', NULL, '666faac3-e97b-4750-b727-c95edb5e6f74'),
(92, 19, '陳淑華', '女生朋友也說這款乳清口味很可以。', 5, '2025-04-21 05:17:34', NULL, '78a83cef-92ac-4203-a84a-d2b459965d40'),
(93, 3, '劉家瑜', '容易吸收，不會肚子痛。', 4, '2025-04-30 10:02:45', NULL, '471b1697-2f8a-4a99-8a00-a3de68a9289f'),
(94, 8, '徐惠婷', '適合運動後一小時內飲用，吸收快。', 5, '2025-05-15 10:35:30', NULL, '67c84edf-9da2-4843-950d-07cd43c23654'),
(95, 15, '曲詩婷', '濃度剛剛好，適合早上起床後補充。', 5, '2025-05-06 06:14:34', NULL, 'ba4dd443-b189-461d-9618-c9760cfede2f'),
(96, 15, '魏思穎', '沒什麼腥味，女生也能接受。', 5, '2025-05-21 05:47:10', NULL, 'bb4ef08f-da04-4613-a36b-2a3721b78db4'),
(97, 25, '張俊賢', '送貨速度快，包裝完整沒破損。', 4, '2025-05-23 15:00:38', NULL, 'f24484b3-b5d7-403e-a531-77942e5786a1'),
(98, 6, '那心怡', '出貨很快，產品保存期限也很新鮮。', 5, '2025-04-07 09:30:12', NULL, 'a354b8d4-c65f-42d2-8280-752968045614'),
(99, 16, '廖雅涵', '這款產品真的有幫助我突破訓練瓶頸。', 4, '2025-04-07 01:41:16', NULL, '6663a70f-c250-4d81-9309-5bb75ad16ed5'),
(100, 35, '龔宜君', '這款 BCAA 喝起來有果汁感，很容易入口。', 5, '2025-04-18 23:11:57', NULL, 'f79e5fac-6e33-45c7-863f-3e06778fc432'),
(101, 38, '梁飛', '這款產品真的有幫助我突破訓練瓶頸。', 4, '2025-04-16 20:00:08', NULL, '3842be67-9966-4374-ab8c-d2018522f3d4'),
(102, 2, '馮瑋婷', '這款肌酸粉溶解度很好，沒有沉澱。', 5, '2025-05-02 07:06:30', NULL, 'bf8011f7-9d20-466c-bef4-86736255a0c1'),
(103, 39, '薛俊傑', '搭配訓練吃這款乳清，效果很有感，回購多次了。', 4, '2025-04-24 20:30:42', NULL, '60111b4e-3cd0-49bf-beba-dc3d02e42e28'),
(104, 22, '李志偉', '濃度剛剛好，適合早上起床後補充。', 4, '2025-03-28 18:00:49', NULL, '1f51a8d3-4019-4790-8b98-8f3ec9651ef8'),
(105, 31, '王雅芳', '喝完這款高蛋白感覺肌肉恢復快很多，推薦給健身的朋友。', 3, '2025-03-31 23:03:41', NULL, 'cb6b209d-fb64-4e5d-9750-08a081fd241d'),
(106, 13, '蘭信宏', '冰起來喝超讚，口感升級。', 5, '2025-04-01 15:27:55', NULL, '2d01d7d3-6161-4043-8768-97b6a61320a4'),
(107, 10, '李雅慧', '身體恢復快，肌肉線條也更明顯了。', 5, '2025-05-10 21:19:14', NULL, 'd989dd82-1921-4cfe-9ec1-050e8f9ea684'),
(108, 31, '高琬婷', '喝完這款高蛋白運動後肌肉痠痛明顯減少。', 5, '2025-04-04 12:08:41', NULL, '9c2284e1-5b5a-4951-b77a-b0106ace829f'),
(109, 36, '張婉婷', '訓練後喝這款，明顯比水單補效果更好。', 4, '2025-05-10 17:40:06', NULL, 'c1f5dbfa-889c-44b5-9282-ce49f10f6bea'),
(110, 23, '舒俊賢', '蛋白棒口感不錯，甜而不膩，方便攜帶。', 5, '2025-03-29 00:15:18', NULL, '9a9decbc-fe20-4bee-acb7-f9c9d40be600'),
(111, 37, '陳雅萍', '喝完這款乳清蛋白後恢復時間變短很多。', 5, '2025-04-24 18:06:55', NULL, 'bc71c9c7-178b-43ca-b3a5-fb8870db8eb0'),
(112, 17, '楊志偉', '冰起來喝超讚，口感升級。', 4, '2025-05-19 19:09:53', NULL, '4a9f3214-ca1e-48b3-bfd0-4b6d49a39922'),
(113, 8, '饒慧君', '喝完精神飽滿，不再想睡覺。', 5, '2025-04-02 14:57:19', NULL, '90ea76ff-8d4a-43f7-a2ac-a1d8c75b1e03'),
(115, 38, '黃志偉', '蠻絲滑的，這台車，很可以!', 1, '2025-05-27 06:38:54', NULL, '41'),
(116, 36, '黃志偉', '讚讚讚', 4, '2025-05-27 08:24:25', NULL, '41'),
(117, 2, '羅俊宇', '應該會成功吧', 5, '2025-05-29 07:55:25', NULL, '48'),
(118, 2, 'Nexfit', '7878', 4, '2025-06-02 18:06:41', NULL, '49'),
(119, 8, 'Nexfit', '787878', 4, '2025-06-02 18:14:11', NULL, '50'),
(120, 7, 'Nexfit', '讚讚', 3, '2025-06-02 19:14:56', NULL, '51'),
(121, 12, 'Nexfit', '商品不錯!', 4, '2025-06-02 19:21:33', NULL, '52'),
(122, 11, 'Nexfit', '讚讚', 3, '2025-06-02 19:31:17', NULL, '53'),
(123, 7, 'Nexfit', '讚讚讚!', 4, '2025-06-03 01:25:29', NULL, '54'),
(124, 5, 'Nexfit', '普普通通~', 2, '2025-06-03 01:39:23', NULL, '55'),
(125, 4, 'Nexfit', '不錯不錯', 5, '2025-06-03 09:37:15', NULL, '57'),
(126, 4, 'Nexfit', '很棒 不錯!', 5, '2025-06-04 14:49:58', NULL, '58'),
(127, 13, 'Nexfit', '讚讚讚', 5, '2025-06-04 17:44:13', NULL, '60'),
(128, 13, 'Nexfit', '讚讚!!', 2, '2025-06-04 18:06:06', NULL, '61'),
(129, 4, '楊雅琳', '很棒，喜歡!', 5, '2025-06-04 19:15:50', NULL, '64'),
(130, 3, '楊雅琳', 'xaskdll', 4, '2025-06-05 02:28:57', NULL, '65'),
(131, 6, '陳詩涵', '普普通通~_~', 2, '2025-06-05 15:33:25', NULL, '67'),
(132, 1, '陳詩涵', '讚讚不錯', 2, '2025-06-05 17:16:54', NULL, '70'),
(133, 7, '陳詩涵', '不錯，喜歡!', 5, '2025-06-05 17:27:12', NULL, '71'),
(134, 2, '陳詩涵', '讚讚讚!!!!', 4, '2025-06-05 17:48:27', NULL, '72'),
(135, 8, '陳詩涵', '讚讚讚', 4, '2025-06-05 17:58:06', NULL, '73');

-- --------------------------------------------------------

--
-- 資料表結構 `courses`
--

CREATE TABLE `courses` (
  `id` bigint UNSIGNED NOT NULL,
  `name` varchar(100) CHARACTER SET utf8mb4 COLLATE utf8mb4_general_ci NOT NULL,
  `category_id` bigint UNSIGNED DEFAULT NULL,
  `description` text CHARACTER SET utf8mb4 COLLATE utf8mb4_general_ci,
  `image` text CHARACTER SET utf8mb4 COLLATE utf8mb4_general_ci,
  `points_required` int DEFAULT '0',
  `coach_id` bigint UNSIGNED NOT NULL,
  `max_participants` int NOT NULL DEFAULT '20'
) ENGINE=InnoDB DEFAULT CHARSET=utf8mb4 COLLATE=utf8mb4_general_ci;

--
-- 傾印資料表的資料 `courses`
--

INSERT INTO `courses` (`id`, `name`, `category_id`, `description`, `image`, `points_required`, `coach_id`, `max_participants`) VALUES
(1, '高效有氧燃脂課程', 1, '🔥 高效有氧燃脂課程｜點燃你的熱量引擎，燃燒每一滴汗水！\n你想加快減脂進度，強化心肺功能嗎？這堂高效有氧燃脂課程絕對是你最佳的選擇！\n我們結合HIIT間歇與節奏性動作，藉由變化的運動強度刺激燃脂效果，短時間內提高代謝。\n🧠 適合對象：想快速燃脂、增強心肺功能或提升體力的朋友。\n現在就加入，迎接爆汗的挑戰，燃燒熱量，展現輕盈自信的你！', '/images/course/course13.jpg', 40, 1, 20),
(2, '核心穩定強化訓練', 2, '🏋️ 核心穩定強化訓練｜建立你的運動根基！\n核心穩定性是所有運動表現的關鍵。這堂課將帶你針對腹部、背部與骨盆區域進行系統化訓練。\n透過平衡、控制與漸進式動作強化深層肌群，改善姿勢、穩定身體與預防腰背傷害。\n👤 適合對象：久坐上班族、運動表現不穩者、有核心控制需求者。\n跟著我們穩穩站好每一步，從「核心」開始強大起來！', '/images/course/course4.jpg', 100, 2, 15),
(3, '深層肌肉伸展課程', 3, '🧘 深層肌肉伸展｜解放緊繃身體，恢復自然彈性！\n長時間久坐或高強度運動後是否總覺得身體僵硬不適？這堂課將帶你進行深層肌肉釋放。\n課程透過緩和動作與深層伸展技法，有效改善柔軟度與身體協調，提升身心舒適感。\n🌿 適合對象：久坐族群、肌肉緊繃者、需要放鬆與柔軟訓練的你。\n讓身體重新呼吸，體驗前所未有的輕盈感！', '/images/course/course7.jpg', 100, 3, 12),
(4, '進階重量訓練班', 4, '💪 進階重量訓練班｜全面強化肌力與體能！\n這堂課程專為有經驗者設計，透過自由重量、槓鈴與進階訓練系統，提升你的肌力與肌肉量。\n我們強調動作準確性與訓練策略安排，讓每一組動作都發揮最大效果。\n🔥 適合對象：已有訓練經驗、想挑戰更高強度者。\n走上肌力提升之路，打造結實有型的你！', '/images/course/course3.jpg', 80, 4, 12),
(5, '流動瑜珈冥想課程', 5, '🧘‍♀️ 流動瑜珈冥想｜找回內在平靜與身體連結\n身心疲憊時，來一堂動靜合一的瑜珈課吧！我們將帶你從緩慢流動的姿勢中，練習呼吸與冥想，釋放緊張。\n課程著重身心整合、放鬆神經與提升專注力，是現代人減壓良方。\n🌺 適合對象：壓力大、睡眠不佳或需要身心放鬆的人。\n在深呼吸中感受平靜的力量，迎接更有能量的生活。', '/images/course/course5.jpg', 50, 5, 18),
(6, '功能性動作訓練', 6, '🏃 功能性動作訓練｜讓每一步都更有力量與效率！\n此課程模擬日常動作與運動模式，強調協調、平衡與核心控制。\n提升運動功能的同時，也能有效預防運動傷害，是職業與休閒運動者的基礎訓練選擇。\n💡 適合對象：運動初階者、恢復訓練者、需提升日常活動效率者。\n讓動作更自然、生活更有動能！', '/images/course/course8.jpg', 100, 6, 16),
(7, '高強度心肺強化班', 7, '🔥 高強度心肺班｜爆汗30分鐘，打造鋼鐵心肺！\n採用快速循環與短休息設計，全面提升心肺耐力與肌肉耐受力。\n本課程屬於高強度訓練，適合追求挑戰與突破極限的學員。\n🚀 適合對象：想短時間達到高效訓練效果者、體能進階者。\n挑戰自己，證明你比想像中還強！', '/images/course/course9.jpg', 70, 7, 14),
(8, '爆發力與肌力提升', 8, '⚡ 爆發力與肌力｜速度、力量，一次到位！\n透過跳躍、短時間力量輸出與進階抗阻動作，強化你的爆發力與爆肌反應。\n課程特別適合需要快速反應與瞬間輸出的運動項目者。\n🏅 適合對象：競技選手、進階訓練者、動作表現追求極致者。\n爆發就是力量，來試試你的極限在哪裡！', '/images/course/course10.png', 50, 8, 10),
(9, '全身循環運動課程', 9, '🔁 全身循環訓練｜一堂課，全身都動起來！\n結合無氧與有氧訓練，設計出從上到下全面活化的訓練流程，提升整體肌力與代謝效率。\n運用循環方式安排動作，減少空檔、加快心跳，讓訓練更有效率。\n🟢 適合對象：健身初學者、進階想打通全身訓練者。\n動作不浪費、燃脂更全面，就是這堂課的宗旨！', '/images/course/course11.jpeg', 100, 9, 20),
(10, '肌肉放鬆與筋膜釋放', 10, '🌙 肌肉放鬆與筋膜釋放｜讓你的身體說聲謝謝\n運動後的恢復是進步的開始。課程使用滾筒、球與伸展技巧，幫助你恢復彈性、放鬆筋膜、減少酸痛。\n🛀 適合對象：運動後恢復者、長期肌肉緊繃與壓力族群。\n給身體最溫柔的回饋，讓訓練成果更完整。', '/images/course/course12.jpg', 50, 10, 15),
(11, '極限爆汗燃脂訓練', 1, '🔥 極限爆汗燃脂訓練｜挑戰你的極限，燃燒每一滴脂肪！\n這堂課融合Tabata高強度間歇訓練與動態有氧步伐，在短時間內打造最大燃脂效率。\n💪 適合對象：追求快速減重、提升代謝力的朋友。\n來場極限爆汗挑戰，讓脂肪無所遁形，燃燒你的熱情！', '/images/course/course2.jpg', 10, 1, 25),
(12, '深層肌筋膜伸展', 3, '🧘 深層肌筋膜伸展課程｜解開身體的緊繃鎖鏈，找回放鬆與彈性！\n透過靜態與動態伸展，配合呼吸節奏，深入釋放緊繃肌群，特別適合長時間久坐或運動後舒緩。\n🌿 適合對象：希望放鬆肌肉、提升柔軟度與恢復力的朋友。\n讓身心都輕盈起來，柔軟從這一刻開始！', '/images/course/course7.jpg', 5, 1, 18),
(13, '高強度心肺挑戰營', 7, '🏃‍♂️ 高強度心肺挑戰營｜打造鐵肺與鋼鐵意志！\n本課程以階段性跑步、跳繩與有氧循環組合訓練，強化心肺耐力與全身協調性。\n🔥 適合對象：想提高運動表現、增強體能與耐力者。\n現在就踏出第一步，邁向更強悍的自己！', '/images/course/course9.jpg', 15, 1, 30),
(14, '核心平衡瑜珈', 2, '透過瑜珈動作訓練核心與平衡，強化肌耐力與身體穩定性。適合希望改善姿勢與減緩壓力者參加。', '/images/course/course14.jpg', 0, 2, 20),
(15, '重量循環訓練', 4, '透過大重量多組次的循環訓練，提高肌肉量與力量表現，適合有基礎的學員進階挑戰。', '/images/course/course15.jpg', 0, 2, 20),
(16, '爆發肌力增強', 8, '針對下肢與核心的肌力爆發性訓練，增進運動表現與日常動作效率。適合有運動習慣者。', '/images/course/course16.jpg', 0, 2, 20);

-- --------------------------------------------------------

--
-- 資料表結構 `course_categories`
--

CREATE TABLE `course_categories` (
  `id` bigint UNSIGNED NOT NULL,
  `name` varchar(100) CHARACTER SET utf8mb4 COLLATE utf8mb4_general_ci NOT NULL
) ENGINE=InnoDB DEFAULT CHARSET=utf8mb4 COLLATE=utf8mb4_general_ci;

--
-- 傾印資料表的資料 `course_categories`
--

INSERT INTO `course_categories` (`id`, `name`) VALUES
(9, '全身循環'),
(6, '功能性訓練'),
(7, '心肺強化'),
(10, '恢復與放鬆'),
(1, '有氧燃脂'),
(3, '柔軟伸展'),
(2, '核心訓練'),
(5, '瑜珈冥想'),
(8, '肌力增強'),
(4, '重量訓練');

-- --------------------------------------------------------

--
-- 資料表結構 `course_likes`
--

CREATE TABLE `course_likes` (
  `id` bigint NOT NULL,
  `user_id` bigint UNSIGNED NOT NULL,
  `course_id` bigint UNSIGNED NOT NULL,
  `created_at` timestamp NOT NULL DEFAULT CURRENT_TIMESTAMP
) ENGINE=InnoDB DEFAULT CHARSET=utf8mb4 COLLATE=utf8mb4_general_ci;

--
-- 傾印資料表的資料 `course_likes`
--

INSERT INTO `course_likes` (`id`, `user_id`, `course_id`, `created_at`) VALUES
(1, 1, 2, '2025-05-22 13:05:49'),
(2, 1, 3, '2025-05-22 13:05:49'),
(3, 1, 5, '2025-05-22 13:05:49'),
(4, 2, 1, '2025-05-22 13:05:49'),
(5, 2, 4, '2025-05-22 13:05:49'),
(6, 2, 9, '2025-05-22 13:05:49'),
(9, 3, 6, '2025-05-22 13:05:49'),
(11, 4, 3, '2025-05-22 13:05:49'),
(12, 4, 5, '2025-05-22 13:05:49'),
(13, 4, 8, '2025-05-22 13:05:49'),
(14, 4, 10, '2025-05-22 13:05:49'),
(15, 5, 2, '2025-05-22 13:05:49'),
(16, 5, 3, '2025-05-22 13:05:49'),
(17, 5, 4, '2025-05-22 13:05:49'),
(18, 5, 7, '2025-05-22 13:05:49'),
(19, 5, 10, '2025-05-22 13:05:49'),
(20, 1, 9, '2025-05-22 13:05:49'),
(33, 3, 3, '2025-05-29 01:39:14'),
(37, 3, 5, '2025-05-29 05:22:20'),
(40, 3, 2, '2025-05-29 07:50:37'),
(56, 56, 1, '2025-06-02 02:56:57'),
(57, 56, 4, '2025-06-02 02:57:00'),
(61, 56, 7, '2025-06-03 03:47:18'),
(62, 56, 6, '2025-06-03 03:47:27');

-- --------------------------------------------------------

--
-- 資料表結構 `course_occurrences`
--

CREATE TABLE `course_occurrences` (
  `id` bigint NOT NULL,
  `course_id` bigint UNSIGNED NOT NULL,
  `occurrence_date` date NOT NULL,
  `start_time` time NOT NULL,
  `end_time` time NOT NULL,
  `reserved_count` int DEFAULT '0'
) ENGINE=InnoDB DEFAULT CHARSET=utf8mb4 COLLATE=utf8mb4_general_ci;

--
-- 傾印資料表的資料 `course_occurrences`
--

INSERT INTO `course_occurrences` (`id`, `course_id`, `occurrence_date`, `start_time`, `end_time`, `reserved_count`) VALUES
(1, 1, '2025-06-04', '14:00:00', '16:00:00', 20),
(2, 1, '2025-06-11', '14:00:00', '16:00:00', 5),
(3, 1, '2025-06-18', '14:00:00', '16:00:00', 3),
(4, 1, '2025-06-25', '14:00:00', '16:00:00', 3),
(5, 1, '2025-06-06', '19:00:00', '21:00:00', 4),
(6, 1, '2025-06-13', '19:00:00', '21:00:00', 4),
(7, 1, '2025-06-20', '19:00:00', '21:00:00', 3),
(8, 1, '2025-06-27', '19:00:00', '21:00:00', 2),
(9, 2, '2025-06-03', '14:00:00', '16:00:00', 15),
(10, 2, '2025-06-10', '14:00:00', '16:00:00', 4),
(11, 2, '2025-06-17', '14:00:00', '16:00:00', 2),
(12, 2, '2025-06-24', '14:00:00', '16:00:00', 5),
(13, 2, '2025-06-05', '19:00:00', '21:00:00', 2),
(14, 2, '2025-06-12', '19:00:00', '21:00:00', 6),
(15, 2, '2025-06-19', '19:00:00', '21:00:00', 4),
(16, 2, '2025-06-26', '19:00:00', '21:00:00', 0),
(17, 3, '2025-06-02', '14:00:00', '16:00:00', 1),
(18, 3, '2025-06-09', '14:00:00', '16:00:00', 5),
(19, 3, '2025-06-16', '14:00:00', '16:00:00', 6),
(20, 3, '2025-06-23', '14:00:00', '16:00:00', 5),
(21, 3, '2025-06-30', '14:00:00', '16:00:00', 0),
(22, 3, '2025-06-04', '19:00:00', '21:00:00', 6),
(23, 3, '2025-06-11', '19:00:00', '21:00:00', 0),
(24, 3, '2025-06-18', '19:00:00', '21:00:00', 2),
(25, 3, '2025-06-25', '19:00:00', '21:00:00', 3),
(26, 4, '2025-06-03', '14:00:00', '16:00:00', 6),
(27, 4, '2025-06-10', '14:00:00', '16:00:00', 4),
(28, 4, '2025-06-17', '14:00:00', '16:00:00', 6),
(29, 4, '2025-06-24', '14:00:00', '16:00:00', 2),
(30, 4, '2025-06-07', '19:00:00', '21:00:00', 3),
(31, 4, '2025-06-14', '19:00:00', '21:00:00', 3),
(32, 4, '2025-06-21', '19:00:00', '21:00:00', 4),
(33, 4, '2025-06-28', '19:00:00', '21:00:00', 0),
(34, 5, '2025-06-04', '14:00:00', '16:00:00', 2),
(35, 5, '2025-06-11', '14:00:00', '16:00:00', 3),
(36, 5, '2025-06-18', '14:00:00', '16:00:00', 5),
(37, 5, '2025-06-25', '14:00:00', '16:00:00', 1),
(38, 5, '2025-06-01', '19:00:00', '21:00:00', 3),
(39, 5, '2025-06-08', '19:00:00', '21:00:00', 4),
(40, 5, '2025-06-15', '19:00:00', '21:00:00', 1),
(41, 5, '2025-06-22', '19:00:00', '21:00:00', 4),
(42, 5, '2025-06-29', '19:00:00', '21:00:00', 4),
(43, 6, '2025-06-05', '14:00:00', '16:00:00', 2),
(44, 6, '2025-06-12', '14:00:00', '16:00:00', 1),
(45, 6, '2025-06-19', '14:00:00', '16:00:00', 4),
(46, 6, '2025-06-26', '14:00:00', '16:00:00', 5),
(47, 6, '2025-06-02', '19:00:00', '21:00:00', 0),
(48, 6, '2025-06-09', '19:00:00', '21:00:00', 0),
(49, 6, '2025-06-16', '19:00:00', '21:00:00', 0),
(50, 6, '2025-06-23', '19:00:00', '21:00:00', 3),
(51, 6, '2025-06-30', '19:00:00', '21:00:00', 0),
(52, 7, '2025-06-03', '14:00:00', '16:00:00', 3),
(53, 7, '2025-06-10', '14:00:00', '16:00:00', 4),
(54, 7, '2025-06-17', '14:00:00', '16:00:00', 3),
(55, 7, '2025-06-24', '14:00:00', '16:00:00', 2),
(56, 7, '2025-06-06', '19:00:00', '21:00:00', 5),
(57, 7, '2025-06-13', '19:00:00', '21:00:00', 2),
(58, 7, '2025-06-20', '19:00:00', '21:00:00', 5),
(59, 7, '2025-06-27', '19:00:00', '21:00:00', 2),
(60, 8, '2025-06-04', '14:00:00', '16:00:00', 5),
(61, 8, '2025-06-11', '14:00:00', '16:00:00', 5),
(62, 8, '2025-06-18', '14:00:00', '16:00:00', 2),
(63, 8, '2025-06-25', '14:00:00', '16:00:00', 3),
(64, 8, '2025-06-07', '19:00:00', '21:00:00', 5),
(65, 8, '2025-06-14', '19:00:00', '21:00:00', 5),
(66, 8, '2025-06-21', '19:00:00', '21:00:00', 1),
(67, 8, '2025-06-28', '19:00:00', '21:00:00', 4),
(68, 9, '2025-06-05', '14:00:00', '16:00:00', 2),
(69, 9, '2025-06-12', '14:00:00', '16:00:00', 5),
(70, 9, '2025-06-19', '14:00:00', '16:00:00', 2),
(71, 9, '2025-06-26', '14:00:00', '16:00:00', 1),
(72, 9, '2025-06-01', '19:00:00', '21:00:00', 1),
(73, 9, '2025-06-08', '19:00:00', '21:00:00', 0),
(74, 9, '2025-06-15', '19:00:00', '21:00:00', 0),
(75, 9, '2025-06-22', '19:00:00', '21:00:00', 0),
(76, 9, '2025-06-29', '19:00:00', '21:00:00', 4),
(77, 10, '2025-06-04', '14:00:00', '16:00:00', 2),
(78, 10, '2025-06-11', '14:00:00', '16:00:00', 2),
(79, 10, '2025-06-18', '14:00:00', '16:00:00', 2),
(80, 10, '2025-06-25', '14:00:00', '16:00:00', 4),
(81, 10, '2025-06-06', '19:00:00', '21:00:00', 1),
(82, 10, '2025-06-13', '19:00:00', '21:00:00', 4),
(83, 10, '2025-06-20', '19:00:00', '21:00:00', 4),
(84, 10, '2025-06-27', '19:00:00', '21:00:00', 5),
(85, 1, '2025-05-28', '14:00:00', '16:00:00', 5),
(86, 2, '2025-05-20', '14:00:00', '16:00:00', 6);

-- --------------------------------------------------------

--
-- 資料表結構 `course_recurrences`
--

CREATE TABLE `course_recurrences` (
  `id` bigint NOT NULL,
  `course_id` bigint UNSIGNED NOT NULL,
  `weekday` tinyint NOT NULL,
  `start_time` time NOT NULL,
  `end_time` time NOT NULL,
  `start_date` date NOT NULL,
  `end_date` date DEFAULT NULL
) ENGINE=InnoDB DEFAULT CHARSET=utf8mb4 COLLATE=utf8mb4_general_ci;

--
-- 傾印資料表的資料 `course_recurrences`
--

INSERT INTO `course_recurrences` (`id`, `course_id`, `weekday`, `start_time`, `end_time`, `start_date`, `end_date`) VALUES
(1, 1, 2, '14:00:00', '16:00:00', '2025-05-06', NULL),
(2, 1, 4, '19:00:00', '21:00:00', '2025-05-06', NULL),
(3, 2, 1, '14:00:00', '16:00:00', '2025-05-06', NULL),
(4, 2, 3, '19:00:00', '21:00:00', '2025-05-06', NULL),
(5, 3, 0, '14:00:00', '16:00:00', '2025-05-06', NULL),
(6, 3, 2, '19:00:00', '21:00:00', '2025-05-06', NULL),
(7, 4, 1, '14:00:00', '16:00:00', '2025-05-06', NULL),
(8, 4, 5, '19:00:00', '21:00:00', '2025-05-06', NULL),
(9, 5, 2, '14:00:00', '16:00:00', '2025-05-06', NULL),
(10, 5, 6, '19:00:00', '21:00:00', '2025-05-06', NULL),
(11, 6, 3, '14:00:00', '16:00:00', '2025-05-06', NULL),
(12, 6, 0, '19:00:00', '21:00:00', '2025-05-06', NULL),
(13, 7, 1, '14:00:00', '16:00:00', '2025-05-06', NULL),
(14, 7, 4, '19:00:00', '21:00:00', '2025-05-06', NULL),
(15, 8, 2, '14:00:00', '16:00:00', '2025-05-06', NULL),
(16, 8, 5, '19:00:00', '21:00:00', '2025-05-06', NULL),
(17, 9, 3, '14:00:00', '16:00:00', '2025-05-06', NULL),
(18, 9, 6, '19:00:00', '21:00:00', '2025-05-06', NULL),
(19, 10, 2, '14:00:00', '16:00:00', '2025-05-06', NULL),
(20, 10, 4, '19:00:00', '21:00:00', '2025-05-06', NULL),
(21, 11, 1, '10:00:00', '12:00:00', '2025-05-06', NULL),
(22, 11, 5, '17:00:00', '19:00:00', '2025-05-06', NULL),
(23, 12, 3, '10:00:00', '12:00:00', '2025-05-06', NULL),
(24, 12, 6, '16:00:00', '18:00:00', '2025-05-06', NULL),
(25, 13, 5, '10:00:00', '12:00:00', '2025-05-06', NULL),
(26, 13, 0, '12:00:00', '14:00:00', '2025-05-06', NULL),
(27, 14, 2, '09:00:00', '10:30:00', '2025-06-01', NULL),
(28, 14, 5, '17:00:00', '18:30:00', '2025-06-01', NULL),
(29, 15, 4, '10:00:00', '11:30:00', '2025-06-01', NULL),
(30, 15, 6, '16:00:00', '17:30:00', '2025-06-01', NULL),
(31, 16, 1, '18:00:00', '19:00:00', '2025-06-01', NULL),
(32, 16, 3, '09:00:00', '10:30:00', '2025-06-01', NULL);

-- --------------------------------------------------------

--
-- 資料表結構 `course_reservations`
--

CREATE TABLE `course_reservations` (
  `id` bigint NOT NULL,
  `user_id` bigint UNSIGNED NOT NULL,
  `occurrence_id` bigint NOT NULL,
  `reserved_at` timestamp NULL DEFAULT CURRENT_TIMESTAMP,
  `note` varchar(100) CHARACTER SET utf8mb4 COLLATE utf8mb4_general_ci DEFAULT NULL
) ENGINE=InnoDB DEFAULT CHARSET=utf8mb4 COLLATE=utf8mb4_general_ci;

--
-- 傾印資料表的資料 `course_reservations`
--

INSERT INTO `course_reservations` (`id`, `user_id`, `occurrence_id`, `reserved_at`, `note`) VALUES
(1, 1, 35, '2025-05-26 08:33:41', NULL),
(2, 1, 36, '2025-05-26 08:33:41', '第一次預約，期待課程！'),
(3, 2, 13, '2025-05-26 08:33:41', NULL),
(4, 2, 29, '2025-05-26 08:33:41', '希望能針對背部肌肉加強。'),
(7, 4, 56, '2025-05-26 08:33:41', NULL),
(8, 4, 44, '2025-05-26 08:33:41', NULL),
(9, 5, 9, '2025-05-26 08:33:41', '請幫我安排有氧強度較高的課程。'),
(10, 5, 60, '2025-05-26 08:33:41', NULL),
(11, 5, 78, '2025-05-26 08:33:41', '對爆發力訓練特別感興趣。'),
(12, 6, 67, '2025-05-26 08:33:41', NULL),
(13, 6, 76, '2025-05-26 08:33:41', '希望教練能多指導筋膜放鬆技巧。'),
(14, 6, 44, '2025-05-26 08:33:41', NULL),
(15, 7, 45, '2025-05-26 08:33:41', NULL),
(16, 7, 17, '2025-05-26 08:33:41', NULL),
(17, 8, 18, '2025-05-26 08:33:41', '請提前告知課程所需裝備。'),
(18, 8, 39, '2025-05-26 08:33:41', NULL),
(19, 9, 55, '2025-05-26 08:33:41', NULL),
(20, 9, 78, '2025-05-26 08:33:41', '課後希望有伸展指導。'),
(21, 9, 11, '2025-05-26 08:33:41', NULL),
(22, 10, 7, '2025-05-26 08:33:41', NULL),
(23, 10, 75, '2025-05-26 08:33:41', NULL),
(24, 11, 12, '2025-05-26 08:33:41', NULL),
(25, 11, 4, '2025-05-26 08:33:41', NULL),
(26, 12, 61, '2025-05-26 08:33:41', NULL),
(27, 12, 70, '2025-05-26 08:33:41', NULL),
(28, 12, 76, '2025-05-26 08:33:41', NULL),
(29, 13, 75, '2025-05-26 08:33:41', NULL),
(30, 13, 2, '2025-05-26 08:33:41', NULL),
(31, 13, 68, '2025-05-26 08:33:41', NULL),
(32, 14, 73, '2025-05-26 08:33:41', NULL),
(33, 14, 29, '2025-05-26 08:33:41', NULL),
(34, 14, 34, '2025-05-26 08:33:41', NULL),
(35, 15, 60, '2025-05-26 08:33:41', NULL),
(36, 15, 26, '2025-05-26 08:33:41', NULL),
(37, 16, 68, '2025-05-26 08:33:41', NULL),
(38, 16, 26, '2025-05-26 08:33:41', NULL),
(39, 17, 56, '2025-05-26 08:33:41', NULL),
(40, 17, 82, '2025-05-26 08:33:41', NULL),
(41, 17, 36, '2025-05-26 08:33:41', NULL),
(42, 18, 39, '2025-05-26 08:33:41', NULL),
(43, 18, 68, '2025-05-26 08:33:41', NULL),
(44, 18, 29, '2025-05-26 08:33:41', NULL),
(45, 19, 5, '2025-05-26 08:33:41', NULL),
(46, 19, 70, '2025-05-26 08:33:41', NULL),
(47, 20, 31, '2025-05-26 08:33:41', NULL),
(48, 20, 36, '2025-05-26 08:33:41', NULL),
(49, 20, 64, '2025-05-26 08:33:41', NULL),
(50, 21, 80, '2025-05-26 08:33:41', NULL),
(51, 21, 57, '2025-05-26 08:33:41', NULL),
(52, 21, 81, '2025-05-26 08:33:41', NULL),
(53, 22, 54, '2025-05-26 08:33:41', NULL),
(54, 22, 50, '2025-05-26 08:33:41', NULL),
(55, 22, 53, '2025-05-26 08:33:41', NULL),
(56, 23, 66, '2025-05-26 08:33:41', NULL),
(57, 23, 28, '2025-05-26 08:33:41', NULL),
(58, 23, 57, '2025-05-26 08:33:41', NULL),
(59, 24, 73, '2025-05-26 08:33:41', NULL),
(60, 24, 3, '2025-05-26 08:33:41', NULL),
(61, 24, 47, '2025-05-26 08:33:41', NULL),
(62, 25, 37, '2025-05-26 08:33:41', NULL),
(63, 25, 26, '2025-05-26 08:33:41', NULL),
(64, 26, 65, '2025-05-26 08:33:41', NULL),
(65, 26, 50, '2025-05-26 08:33:41', NULL),
(66, 27, 13, '2025-05-26 08:33:41', NULL),
(67, 27, 14, '2025-05-26 08:33:41', NULL),
(68, 27, 75, '2025-05-26 08:33:41', NULL),
(69, 28, 50, '2025-05-26 08:33:41', NULL),
(70, 28, 42, '2025-05-26 08:33:41', NULL),
(71, 29, 11, '2025-05-26 08:33:41', NULL),
(72, 29, 10, '2025-05-26 08:33:41', NULL),
(73, 29, 54, '2025-05-26 08:33:41', NULL),
(74, 30, 84, '2025-05-26 08:33:41', NULL),
(75, 30, 69, '2025-05-26 08:33:41', NULL),
(76, 30, 62, '2025-05-26 08:33:41', NULL),
(77, 31, 18, '2025-05-26 08:33:41', NULL),
(79, 31, 28, '2025-05-26 08:33:41', NULL),
(80, 32, 39, '2025-05-26 08:33:41', NULL),
(81, 32, 20, '2025-05-26 08:33:41', NULL),
(91, 2, 19, '2025-05-27 08:17:24', ''),
(92, 2, 12, '2025-05-27 08:18:46', '預約好煩'),
(93, 3, 2, '2025-05-28 09:31:21', '5/28預約測試'),
(94, 3, 22, '2025-05-28 10:55:32', ''),
(95, 3, 11, '2025-05-28 21:05:27', ''),
(97, 3, 14, '2025-05-29 01:22:41', ''),
(99, 3, 6, '2025-05-29 01:45:29', '快寫完了 '),
(100, 3, 4, '2025-05-29 03:51:03', ''),
(102, 3, 85, '2025-05-29 06:10:47', NULL),
(104, 3, 34, '2025-05-29 07:27:25', '真的真的要結束了！'),
(105, 3, 56, '2025-05-29 07:51:13', '合併測試'),
(107, 31, 15, '2025-05-29 08:18:17', '可以多送我一堂課嗎'),
(109, 3, 13, '2025-06-02 02:17:57', ''),
(110, 56, 86, '2025-06-02 02:24:33', NULL),
(111, 56, 85, '2025-06-02 02:24:04', NULL),
(112, 56, 17, '2025-06-02 02:56:39', ''),
(114, 56, 10, '2025-06-02 03:32:13', '逃過一劫的斯~'),
(115, 56, 44, '2025-06-03 03:47:44', '讚讚讚');

-- --------------------------------------------------------

--
-- 資料表結構 `course_tags`
--

CREATE TABLE `course_tags` (
  `id` bigint UNSIGNED NOT NULL,
  `name` varchar(50) CHARACTER SET utf8mb4 COLLATE utf8mb4_general_ci NOT NULL
) ENGINE=InnoDB DEFAULT CHARSET=utf8mb4 COLLATE=utf8mb4_general_ci;

--
-- 傾印資料表的資料 `course_tags`
--

INSERT INTO `course_tags` (`id`, `name`) VALUES
(16, '中級課程'),
(9, '全身運動'),
(6, '功能性訓練'),
(14, '大班制'),
(13, '小班制'),
(7, '心肺耐力'),
(15, '新手友善'),
(1, '有氧訓練'),
(2, '核心訓練'),
(20, '熱門'),
(8, '爆發力'),
(5, '瑜珈'),
(10, '筋膜放鬆'),
(3, '肌肉伸展'),
(4, '重量訓練'),
(17, '高級課程');

-- --------------------------------------------------------

--
-- 資料表結構 `course_tags_rs`
--

CREATE TABLE `course_tags_rs` (
  `course_id` bigint UNSIGNED NOT NULL,
  `tag_id` bigint UNSIGNED NOT NULL
) ENGINE=InnoDB DEFAULT CHARSET=utf8mb4 COLLATE=utf8mb4_general_ci;

--
-- 傾印資料表的資料 `course_tags_rs`
--

INSERT INTO `course_tags_rs` (`course_id`, `tag_id`) VALUES
(1, 1),
(11, 1),
(2, 2),
(14, 2),
(3, 3),
(12, 3),
(4, 4),
(15, 4),
(5, 5),
(6, 6),
(1, 7),
(7, 7),
(13, 7),
(8, 8),
(16, 8),
(9, 9),
(10, 10),
(4, 13),
(7, 13),
(8, 13),
(12, 13),
(3, 14),
(6, 14),
(15, 14),
(2, 15),
(5, 15),
(6, 15),
(10, 15),
(14, 15),
(7, 16),
(9, 16),
(14, 16),
(4, 17),
(8, 17),
(11, 17),
(16, 17),
(3, 20),
(4, 20),
(9, 20),
(10, 20),
(13, 20),
(14, 20);

-- --------------------------------------------------------

--
-- 資料表結構 `discounts`
--

CREATE TABLE `discounts` (
  `id` int NOT NULL,
  `name` varchar(100) NOT NULL,
  `discount_type` enum('amount','percent') NOT NULL,
  `discount_value` int NOT NULL,
  `min_order_amount` int DEFAULT '0',
  `is_active` tinyint(1) DEFAULT '1',
  `created_at` timestamp NULL DEFAULT CURRENT_TIMESTAMP
) ENGINE=InnoDB DEFAULT CHARSET=utf8mb4 COLLATE=utf8mb4_0900_ai_ci;

--
-- 傾印資料表的資料 `discounts`
--

INSERT INTO `discounts` (`id`, `name`, `discount_type`, `discount_value`, `min_order_amount`, `is_active`, `created_at`) VALUES
(1, '新人優惠', 'amount', 100, 500, 1, '2025-05-18 06:04:10'),
(2, '夏日特賣', 'amount', 15, 300, 1, '2025-05-18 06:04:10'),
(3, 'VIP專屬折扣', 'amount', 20, 1000, 1, '2025-05-18 06:04:10'),
(4, '全館折扣', 'amount', 50, 200, 1, '2025-05-18 06:04:10'),
(5, '節日折扣', 'amount', 30, 150, 0, '2025-05-18 06:04:10'),
(6, '黑色星期五', 'amount', 30, 500, 1, '2025-05-18 06:04:10'),
(7, '限時優惠', 'amount', 20, 100, 1, '2025-05-18 06:04:10'),
(8, '積分優惠', 'amount', 100, 0, 1, '2025-05-20 03:23:39');

-- --------------------------------------------------------

--
-- 資料表結構 `favorites_products`
--

CREATE TABLE `favorites_products` (
  `id` int NOT NULL,
  `user_id` int NOT NULL,
  `product_id` int NOT NULL,
  `created_at` datetime DEFAULT CURRENT_TIMESTAMP
) ENGINE=InnoDB DEFAULT CHARSET=utf8mb4 COLLATE=utf8mb4_0900_ai_ci;

--
-- 傾印資料表的資料 `favorites_products`
--

INSERT INTO `favorites_products` (`id`, `user_id`, `product_id`, `created_at`) VALUES
(5, 3, 35, '2025-05-26 11:21:47'),
(7, 3, 40, '2025-05-26 11:36:50'),
(13, 50, 39, '2025-05-26 11:38:22'),
(14, 50, 34, '2025-05-26 11:38:31'),
(15, 50, 33, '2025-05-26 11:38:33'),
(17, 3, 18, '2025-05-26 11:50:05'),
(18, 3, 30, '2025-05-26 13:56:01'),
(20, 3, 36, '2025-05-26 13:58:06'),
(22, 8, 39, '2025-05-27 10:15:05'),
(23, 5, 38, '2025-05-27 10:36:41'),
(24, 5, 39, '2025-05-27 10:36:42'),
(27, 32, 4, '2025-05-27 16:37:42'),
(28, 32, 8, '2025-05-27 16:37:44'),
(29, 32, 13, '2025-05-27 16:37:46'),
(30, 1, 4, '2025-05-27 16:42:59'),
(31, 1, 3, '2025-05-27 16:43:03'),
(32, 1, 2, '2025-05-27 16:43:07'),
(34, 23, 4, '2025-05-29 15:49:44'),
(35, 23, 8, '2025-05-29 15:49:47'),
(36, 3, 8, '2025-05-29 15:52:09'),
(37, 31, 2, '2025-05-29 16:16:34'),
(39, 31, 8, '2025-05-29 16:16:41'),
(40, 3, 1, '2025-06-02 10:11:52'),
(41, 3, 38, '2025-06-02 10:12:42'),
(43, 3, 2, '2025-06-02 11:02:34');

-- --------------------------------------------------------

--
-- 資料表結構 `forum_comments`
--

CREATE TABLE `forum_comments` (
  `id` int NOT NULL,
  `post_id` int NOT NULL,
  `user_id` bigint UNSIGNED NOT NULL,
  `author_name` varchar(100) NOT NULL,
  `content` text NOT NULL,
  `created_at` datetime NOT NULL DEFAULT CURRENT_TIMESTAMP,
  `updated_at` datetime DEFAULT CURRENT_TIMESTAMP ON UPDATE CURRENT_TIMESTAMP
) ENGINE=InnoDB DEFAULT CHARSET=utf8mb4 COLLATE=utf8mb4_0900_ai_ci;

--
-- 傾印資料表的資料 `forum_comments`
--

INSERT INTO `forum_comments` (`id`, `post_id`, `user_id`, `author_name`, `content`, `created_at`, `updated_at`) VALUES
(1, 41, 1, '羅俊宇', '羅勒醬test', '2025-05-15 01:21:18', '2025-05-15 01:21:18'),
(2, 41, 1, '羅俊宇', 'test', '2025-05-15 01:46:27', '2025-05-15 01:46:27'),
(8, 41, 31, '余梓姜', '我是魚子醬', '2025-05-15 22:46:45', '2025-05-15 22:46:45'),
(9, 41, 31, '余梓姜', 'hi~\n', '2025-05-15 22:46:56', '2025-05-15 22:46:56'),
(11, 28, 5, '林志明', 'HI~', '2025-05-16 11:44:30', '2025-05-16 11:44:30'),
(12, 2, 32, '楊陶芝', '難吃', '2025-05-16 11:58:58', '2025-05-16 11:58:58'),
(13, 2, 32, '楊陶芝', '版主有文字獄，小心留言', '2025-05-16 11:59:52', '2025-05-16 11:59:52'),
(14, 2, 17, '謝佳穎', '  很實用的分享！', '2025-05-16 12:02:09', '2025-05-16 12:02:09'),
(15, 2, 17, '謝佳穎', '不知道樓上的在留言什麼zzz', '2025-05-16 12:02:21', '2025-05-16 12:02:21'),
(16, 2, 32, '楊陶芝', '幹這又是三小', '2025-05-16 12:03:38', '2025-05-16 12:03:38'),
(17, 2, 17, '謝佳穎', '我看到囉', '2025-05-16 12:03:40', '2025-05-16 12:03:40'),
(18, 2, 35, '晨晨', '晨晨說好吃！', '2025-05-16 12:55:38', '2025-05-16 12:55:38'),
(19, 46, 36, '佑宸看到了', '我看到了！', '2025-05-16 13:13:57', '2025-05-16 13:13:57'),
(20, 2, 34, 'Yo晨', '看到囉!', '2025-05-16 13:55:57', '2025-05-16 13:55:57'),
(21, 5, 1, '羅俊宇', '太厲害了', '2025-05-16 16:16:19', '2025-05-16 16:16:19'),
(22, 5, 1, '羅俊宇', '超強的💪🏻', '2025-05-20 09:09:15', '2025-05-20 09:09:15'),
(23, 2, 1, '羅俊宇', 'hi😍', '2025-05-20 11:02:42', '2025-05-20 11:02:42'),
(24, 46, 32, '楊陶芝', '㊗️', '2025-05-20 11:15:47', '2025-05-20 11:15:47'),
(25, 2, 1, '羅俊宇', '我可以留言嗎👍🏻', '2025-05-20 11:27:56', '2025-05-20 11:27:56'),
(26, 2, 1, '羅俊宇', '哇操太厲害的功能啦！！🤩🤩🤩🤩', '2025-05-20 11:30:49', '2025-05-20 11:30:49'),
(27, 2, 24, '周志明', '晨晨是誰有人在乎嗎 😅', '2025-05-20 11:33:39', '2025-05-20 11:33:39'),
(28, 2, 1, '羅俊宇', '有，我在乎', '2025-05-20 11:35:05', '2025-05-20 11:35:05'),
(29, 2, 24, '周志明', '你們在交往 @@?', '2025-05-20 11:35:26', '2025-05-20 11:35:26'),
(30, 2, 1, '羅俊宇', '有掛，卡', '2025-05-20 11:35:46', '2025-05-20 11:35:46'),
(34, 50, 32, '楊陶芝', '健康生活是一種長期的自我管理，真的很重要😀', '2025-05-23 09:40:47', '2025-05-23 09:40:47'),
(37, 50, 43, '陳勳', '真棒😗', '2025-05-23 11:44:29', '2025-05-23 11:44:29'),
(38, 3, 32, '楊陶芝', '太厲害了😎', '2025-05-27 15:02:24', '2025-05-27 15:02:24'),
(40, 56, 23, '許家瑜', '真的太棒了👍', '2025-05-29 11:37:32', '2025-05-29 11:37:32'),
(41, 54, 3, '陳詩涵', '🍎 An apple a day keeps the doctor away.', '2025-05-29 16:02:16', '2025-05-29 16:02:16'),
(42, 50, 56, 'Nexfit', '🤭', '2025-06-03 17:46:11', '2025-06-03 17:46:11');

-- --------------------------------------------------------

--
-- 資料表結構 `forum_favorites`
--

CREATE TABLE `forum_favorites` (
  `id` int NOT NULL,
  `user_id` bigint UNSIGNED NOT NULL,
  `post_id` int NOT NULL,
  `created_at` timestamp NULL DEFAULT CURRENT_TIMESTAMP
) ENGINE=InnoDB DEFAULT CHARSET=utf8mb4 COLLATE=utf8mb4_0900_ai_ci;

--
-- 傾印資料表的資料 `forum_favorites`
--

INSERT INTO `forum_favorites` (`id`, `user_id`, `post_id`, `created_at`) VALUES
(3, 1, 1, '2025-05-14 12:42:01'),
(9, 1, 29, '2025-05-14 13:26:25'),
(20, 31, 5, '2025-05-15 14:46:06'),
(21, 31, 1, '2025-05-15 14:46:08'),
(22, 31, 32, '2025-05-15 14:46:18'),
(23, 31, 4, '2025-05-16 02:50:52'),
(24, 31, 42, '2025-05-16 03:41:08'),
(25, 5, 46, '2025-05-16 03:43:25'),
(26, 5, 42, '2025-05-16 03:43:28'),
(27, 5, 29, '2025-05-16 03:43:31'),
(28, 5, 28, '2025-05-16 03:43:33'),
(29, 32, 2, '2025-05-16 04:00:23'),
(34, 1, 31, '2025-05-16 08:03:17'),
(35, 1, 42, '2025-05-16 08:14:44'),
(39, 1, 23, '2025-05-16 08:15:03'),
(40, 1, 21, '2025-05-16 08:15:06'),
(47, 1, 2, '2025-05-16 08:16:43'),
(48, 1, 28, '2025-05-16 08:18:09'),
(85, 1, 30, '2025-05-16 08:34:28'),
(87, 1, 46, '2025-05-20 01:08:20'),
(88, 32, 46, '2025-05-20 02:19:10'),
(89, 32, 29, '2025-05-20 02:19:15'),
(90, 32, 28, '2025-05-20 02:19:17'),
(91, 32, 27, '2025-05-20 02:19:20'),
(102, 32, 42, '2025-05-26 02:18:56'),
(103, 50, 56, '2025-05-26 05:44:21'),
(104, 50, 53, '2025-05-26 05:44:26'),
(106, 52, 56, '2025-05-26 06:47:06'),
(107, 52, 54, '2025-05-26 06:47:09'),
(108, 52, 53, '2025-05-26 06:47:10'),
(109, 52, 3, '2025-05-26 06:47:13'),
(110, 52, 5, '2025-05-26 06:47:16'),
(111, 52, 41, '2025-05-26 06:47:20'),
(112, 18, 56, '2025-05-27 01:42:57'),
(113, 32, 3, '2025-05-27 06:56:33'),
(115, 32, 53, '2025-05-27 08:36:03'),
(116, 32, 56, '2025-05-27 08:36:06'),
(117, 32, 52, '2025-05-27 08:36:13'),
(118, 23, 56, '2025-05-29 03:37:13'),
(119, 23, 53, '2025-05-29 03:37:43'),
(120, 23, 50, '2025-05-29 07:54:11'),
(121, 3, 46, '2025-05-29 07:59:50'),
(122, 3, 56, '2025-06-02 02:07:15');

-- --------------------------------------------------------

--
-- 資料表結構 `forum_posts`
--

CREATE TABLE `forum_posts` (
  `id` int NOT NULL,
  `user_id` int DEFAULT NULL,
  `author_name` varchar(100) NOT NULL COMMENT '作者名稱',
  `title` varchar(255) NOT NULL,
  `avatar` varchar(255) DEFAULT NULL COMMENT '頭像圖片路徑',
  `content` text NOT NULL COMMENT '貼文內容',
  `images` json DEFAULT NULL COMMENT '圖片列表（JSON 陣列）',
  `tags` json DEFAULT NULL COMMENT '分類標籤（JSON 陣列）',
  `likes` int DEFAULT '0' COMMENT '按讚數',
  `shares` int DEFAULT '0' COMMENT '分享數',
  `created_at` datetime DEFAULT CURRENT_TIMESTAMP COMMENT '建立時間',
  `views` int DEFAULT '0',
  `comments` int NOT NULL DEFAULT '0' COMMENT '留言數',
  `category` varchar(255) NOT NULL DEFAULT '未分類'
) ENGINE=InnoDB DEFAULT CHARSET=utf8mb4 COLLATE=utf8mb4_0900_ai_ci;

--
-- 傾印資料表的資料 `forum_posts`
--

INSERT INTO `forum_posts` (`id`, `user_id`, `author_name`, `title`, `avatar`, `content`, `images`, `tags`, `likes`, `shares`, `created_at`, `views`, `comments`, `category`) VALUES
(1, 1, '羅勒醬', '重訓初學者的健身筆記', '/uploads/forum/avatars/avatar01.jpg', '今天是我正式開始重訓的第三週，\n我想記錄一下這段時間的進步與挑戰。\n    剛開始時，我對器材完全不熟悉，總是需要請教教練每一個動作的細節。不過我發現只要用心記住正確姿勢，再配合呼吸，其實不難掌握。\n    前三天全身酸痛讓我一度懷疑自己是不是不適合運動，但第四天起身體開始適應後，我真的感受到那種「累得值得」的快樂。這週開始加入自由重量訓練，從空槓到加 5kg，雖然不重但我知道自己正在一步步變強。希望一個月後能挑戰深蹲 60 公斤，讓自己的體態也能明顯改變，繼續加油！\n', '[\"/uploads/forum/posts/test01.jpg\"]', '[\"重訓\", \"健身\"]', 5, 2, '2025-04-25 11:48:49', 30, 2, '運動'),
(2, 2, '周仔', '我的健康便當計畫分享', '[\"/uploads/forum/posts/test02.jpg\"]\r\n', '大家好，我是 Amy！今天想跟大家分享我最近開始準備的健康便當食譜。因為我正在嘗試低油低鈉的飲食方式，每天都會自己準備午餐。便當裡面會放地瓜、烤雞胸、花椰菜和一點胡麻醬，簡單又好吃。食材的處理也很重要，我學會了先用鹽水泡雞胸讓它更嫩，也不需要太多調味就很好吃。除了主食，我還會搭配蛋白質豆腐和水果優格當甜點，讓整體更均衡。最重要的是，這樣不但省錢，還能吃得安心。這樣的生活型態讓我覺得每天都有進步，也很期待分享更多食譜給大家！123', '[\"/uploads/forum/posts/test02.jpg\"]', '[\"飲食\", \"便當\"]', 1, 1, '2025-04-25 11:48:49', 8, 1, '營養'),
(3, 3, '陳妹', '馬拉松初體驗：跑者的日記', '/avatars/user2.jpg', '從來沒想過有一天我能跑完一場半馬，但上週日我做到了！整整 21 公里，對我這種運動量不大的上班族來說是一大挑戰。報名前我其實很猶豫，但報名後就每天堅持練跑、調整飲食、做好伸展和補水。比賽當天氣溫很涼，氣氛也很熱血，跑道沿途的加油聲讓人覺得超有力量。當我跑到 15 公里那段最難熬的時候，我不停對自己說「你可以的，再一下就到了」。最後看到終點線的那一刻真的差點哭出來。雖然隔天腿爆痛，但我知道，我會想跑下一場馬拉松。這真的是一段值得一輩子回味的旅程！', '[\"/uploads/forum/posts/test03.jpg\"]', '[\"有氧\", \"心得\"]', 1, 3, '2025-04-25 11:48:49', 8, 0, '運動'),
(4, 4, '黃雅婷小可愛', '第一次嘗試瑜珈的感動', '/avatars/user5.jpg', '朋友邀我一起去上瑜珈課，我原本超緊張，因為我完全沒經驗。但老師非常溫柔，會依照每個人的程度調整動作難度。當我第一次做到「下犬式」時，我驚訝地發現身體某些肌肉原來從來沒動過。每個動作都要慢慢地控制呼吸與伸展，這種專注的過程讓我忘記了煩惱與焦慮。一個小時下來不但流汗，還覺得身心放鬆，晚上竟然也睡得特別好。從那天起我每週固定兩次上瑜珈課，還買了自己的墊子，希望未來能挑戰更進階的姿勢。謝謝當天拉我入坑的朋友，這是一場身心靈的旅程。Namaste！', '[\"/uploads/forum/posts/test04.jpg\"]', '[\"瑜珈\", \"心得\"]', 3, 0, '2025-04-25 11:48:49', 1, 0, '運動'),
(5, 5, '林哥', '我的深蹲破百挑戰記錄', '/avatars/user4.jpg', '我終於成功挑戰深蹲 100 公斤了！這是我從三個月前開始設定的目標，一路從空槓開始慢慢增加重量。剛開始時，膝蓋會有點不穩定、核心也常常發抖，教練教我用呼吸法穩住身體，還特別安排了很多輔助訓練來強化我的臀腿肌。每週我都規律訓練兩次腿部課程，包含槓鈴深蹲、保加利亞分腿蹲、腿推等等。有幾次失敗讓我沮喪過，但我學會了怎麼調整心態與動作節奏。昨天我在熱身完後一舉成功完成 100 公斤的標準深蹲三下，整個健身房都替我歡呼！這次經驗讓我更相信：只要持續累積，任何人都可以變強！', '[\"/uploads/forum/posts/test05.jpg\"]', '[\"重訓\", \"突破\"]', 1, 5, '2025-04-25 11:48:49', 2, 0, '運動'),
(6, 6, '吳姐', '蔬果攝取與免疫力', '/avatars/user6.jpg', '蔬果富含維生素、礦物質及膳食纖維，是提升免疫力的重要來源。每天建議攝取五份以上不同顏色的蔬果，能提供多種抗氧化物質，幫助身體對抗自由基。蔬果中的維生素C、E及β-胡蘿蔔素，對免疫系統有顯著助益。可將蔬果加入沙拉、果汁或主餐中，增加攝取多樣性。選擇當季新鮮蔬果，營養價值更高。', '[\"/uploads/forum/posts/test06.jpg\"]', '[\"營養\", \"健康\", \"蔬果\"]', 0, 1, '2024-05-06 13:50:00', 3, 0, '營養'),
(7, 7, '張大大', '運動後的營養補充', '/avatars/user7.jpg', '運動後，身體需要補充流失的能量與營養。建議在運動結束後30分鐘內攝取蛋白質與碳水化合物，有助於肌肉修復與恢復體力。例如，喝一杯牛奶搭配香蕉，或是雞胸肉三明治。避免高油脂與高糖分的食物，以免影響恢復效果。適當補充水分，防止脫水。運動後的營養補充，能提升運動表現並加速身體恢復。', '[\"/uploads/forum/posts/test07.jpg\"]', '[\"運動\", \"營養\", \"健康\"]', 0, 2, '2024-05-07 19:00:00', 0, 0, '運動'),
(8, 8, '許寶寶', '健康生活的五大習慣', '/avatars/user8.jpg', '健康生活需從日常習慣做起。第一，保持規律運動，每週至少三次。第二，均衡飲食，攝取多元營養。第三，充足睡眠，每晚7-8小時。第四，管理壓力，適時放鬆心情。第五，定期健康檢查，及早發現潛在問題。這五大習慣能有效提升生活品質，預防疾病。', '[\"/uploads/forum/posts/test08.jpg\"]', '[\"健康\", \"生活\", \"習慣\"]', 0, 1, '2024-05-08 15:40:00', 0, 0, '健康'),
(9, 9, '王建平仔', '減重飲食的迷思', '/avatars/user9.jpg', '減重過程中，許多人會陷入飲食迷思，如完全不吃澱粉或只吃蔬菜。事實上，均衡飲食才是健康減重的關鍵。適量攝取碳水化合物，能提供身體所需能量。蛋白質有助於維持肌肉量，蔬果則提供纖維與維生素。建議搭配運動，提升新陳代謝。避免極端飲食法，以免影響健康。', '[\"/uploads/forum/posts/test09.jpg\"]', '[\"營養\", \"減重\", \"健康\"]', 0, 1, '2024-05-09 12:15:00', 0, 0, '營養'),
(10, 10, '蔡醬', '運動習慣的建立', '/avatars/user10.jpg', '建立運動習慣需從小目標開始，例如每天快走30分鐘。選擇自己喜歡的運動，能提升持續動力。與朋友一起運動，互相鼓勵也很重要。記錄運動成果，能增加成就感。遇到挫折時，不要輕易放棄，給自己時間適應。持之以恆，運動將成為生活的一部分，帶來健康與快樂。', '[\"/uploads/forum/posts/test10.jpg\"]', '[\"運動\", \"習慣\", \"健康\"]', 0, 1, '2024-05-10 18:30:00', 1, 1, '運動'),
(11, 11, '李寶寶', '運動與健康的關聯', '/avatars/user1.jpg', '運動對健康的影響是現代人越來越重視的議題。根據多項研究顯示，規律的運動不僅能夠增強心肺功能，還能有效預防慢性疾病，如高血壓、糖尿病及心血管疾病。運動時，身體會釋放內啡肽，這種物質能夠提升情緒，減輕壓力，對心理健康也有正面幫助。除了身體層面，運動還能促進社交，參加團體運動或健身課程，能認識新朋友，增進人際關係。運動的種類多元，包括有氧運動、重量訓練、瑜伽等，每種運動對身體的好處各有不同。建議每週至少進行150分鐘中等強度運動，並搭配均衡飲食，才能達到最佳健康效果。', '[\"/uploads/forum/posts/test11.jpg\"]', '[\"運動\", \"健康\"]', 0, 2, '2024-05-01 10:00:00', 0, 0, '運動'),
(12, 12, '楊雅琳大大', '均衡飲食的重要性', '/avatars/user2.jpg', '均衡飲食是維持健康的基礎。現代人生活忙碌，常常忽略飲食的多樣性，導致營養攝取不均。均衡飲食應包含五大類食物：全穀雜糧類、蛋白質類、蔬菜類、水果類及乳品類。每一類食物都提供不同的營養素，缺一不可。例如，蛋白質有助於修復組織，蔬果富含維生素與礦物質，對免疫系統有幫助。建議每天攝取足夠的水分，避免過多油炸及高糖食物。透過規律飲食習慣，不僅能維持理想體重，還能預防慢性疾病。', '[\"/uploads/forum/posts/test12.jpg\"]', '[\"營養\", \"健康\"]', 0, 3, '2024-05-02 11:30:00', 0, 0, '營養'),
(13, 13, '林仔', '如何開始健身計畫', '/avatars/user3.jpg', '開始健身計畫前，首先要設定明確的目標，例如增肌、減脂或提升體能。接著，選擇適合自己的運動方式，如重訓、有氧運動或團體課程。初學者建議從基礎動作開始，逐步增加強度與時間。健身過程中，飲食同樣重要，應攝取足夠蛋白質與碳水化合物，幫助肌肉修復與成長。每週安排休息日，避免過度訓練造成傷害。記錄運動進度，能提升動力並調整訓練內容。持之以恆，才能看到明顯成效。', '[\"/uploads/forum/posts/test13.jpg\"]', '[\"運動\", \"健身\"]', 0, 1, '2024-05-03 09:45:00', 0, 0, '運動'),
(14, 14, '陳哥', '健康早餐的選擇', '/avatars/user4.jpg', '早餐是一天中最重要的一餐，能為身體提供所需能量。健康早餐應包含蛋白質、碳水化合物及適量脂肪。例如，全麥吐司搭配水煮蛋與水果，或是燕麥粥加堅果與牛奶。避免高糖分的加工食品，如甜甜圈或含糖飲料。研究顯示，吃早餐的人較不易暴飲暴食，有助於體重控制。若時間緊迫，可準備簡單的三明治或優格，既方便又營養。養成吃早餐的習慣，對維持健康有很大幫助。', '[\"/uploads/forum/posts/test14.jpg\"]', '[\"營養\", \"健康\", \"早餐\"]', 0, 1, '2024-05-04 08:20:00', 0, 0, '營養'),
(15, 15, '劉寶寶', '運動傷害的預防', '/avatars/user5.jpg', '運動雖然有益健康，但若方法不當，容易造成傷害。預防運動傷害，首先要做好熱身與伸展，讓肌肉與關節進入狀態。選擇合適的運動裝備，如運動鞋、護膝等，也能降低受傷風險。運動時應量力而為，避免過度訓練。若感覺不適，應立即停止並休息。運動後的收操同樣重要，有助於肌肉放鬆與恢復。若不幸受傷，應及時冰敷並尋求專業醫療協助。', '[\"/uploads/forum/posts/test15.jpg\"]', '[\"運動\", \"健康\", \"預防\"]', 0, 0, '2024-05-05 17:10:00', 0, 0, '運動'),
(16, 16, '王醬', '運動與營養的黃金組合', '/avatars/user16.jpg', '在現代社會，運動與營養已成為人們追求健康生活不可或缺的兩大要素。許多人認為只要運動就能保持健康，但事實上，運動與營養必須相輔相成，才能發揮最大的效果。首先，運動能夠促進新陳代謝，增強心肺功能，提升肌肉力量，並有助於體重管理。然而，若缺乏適當的營養補充，運動的成效將大打折扣。蛋白質是肌肉修復與生長的關鍵營養素，運動後攝取足夠的蛋白質能幫助身體恢復，減少肌肉損傷。此外，碳水化合物則是運動時的主要能量來源，適量攝取能維持運動表現，避免疲勞。脂肪則提供長時間運動所需的能量，尤其對於耐力運動者更為重要。維生素與礦物質則參與體內多項代謝反應，缺乏時容易導致運動表現下降。舉例來說，缺鐵會造成貧血，影響氧氣運輸，進而降低耐力。運動前的營養補充應以易消化、低脂肪、高碳水化合物為主，如香蕉、燕麥等。運動後則應補充蛋白質與碳水化合物，促進肌肉修復與肝醣儲存。水分補充同樣重要，運動過程中大量流汗會導致體內水分與電解質流失，適時補充能預防脫水與抽筋。除了飲食內容，飲食時間也需注意。運動前1-2小時進食能提供足夠能量，運動後30分鐘內補充營養則有助於恢復。對於有特殊需求的人，如素食者、糖尿病患者，則需根據個人狀況調整飲食內容。總之，運動與營養的黃金組合能幫助我們達到最佳健康狀態，不僅提升運動表現，也能預防慢性疾病，增進生活品質。', '[\"/uploads/forum/posts/test16.jpg\"]', '[\"運動\", \"營養\", \"健康\"]', 0, 3, '2024-05-11 09:00:00', 0, 0, '健康'),
(17, 17, '謝妹', '健康飲食的迷思與真相', '/avatars/user17.jpg', '健康飲食一直是大眾關注的焦點，但市面上充斥著各種飲食迷思，讓人難以分辨真偽。首先，許多人認為完全不吃澱粉就能減重，事實上，澱粉是身體重要的能量來源，適量攝取有助於維持腦部與肌肉運作。過度限制澱粉反而可能導致疲勞、注意力不集中，甚至影響新陳代謝。其次，蛋白質雖然對肌肉生長有幫助，但過量攝取會增加腎臟負擔，建議依照體重與運動量調整攝取量。脂肪則常被誤解為健康殺手，其實不飽和脂肪酸如橄欖油、堅果等對心血管有益，應適量攝取。蔬果則是維生素、礦物質與膳食纖維的主要來源，每天攝取五份以上不同顏色的蔬果，有助於提升免疫力與預防疾病。飲食多樣化是維持健康的關鍵，單一食物或極端飲食法都無法長期維持。建議以地中海飲食或均衡飲食為主，搭配規律運動，才能達到理想的健康狀態。', '[\"/uploads/forum/posts/test17.jpg\"]', '[\"營養\", \"健康\"]', 0, 2, '2024-05-12 10:30:00', 0, 0, '健康'),
(18, 18, '	\r\n張家瑋小可愛', '運動習慣的建立與維持', '/avatars/user18.jpg', '建立運動習慣對許多人來說是一大挑戰。首先，設定明確且可達成的目標非常重要，例如每週運動三次，每次30分鐘。選擇自己喜歡的運動類型，如游泳、慢跑、瑜伽等，能提升持續動力。與朋友一起運動，互相鼓勵也能增加樂趣。將運動排入日常行程，像是早晨起床後或下班後固定運動，能幫助養成習慣。記錄運動成果，無論是用筆記本還是APP，都能增加成就感。遇到天氣不好或心情低落時，可以選擇室內運動或做簡單的伸展操，避免中斷習慣。給自己適當的獎勵，如達成目標後享受一頓美食，也能提升動力。最重要的是，不要因為偶爾中斷就放棄，持之以恆才能真正將運動融入生活，帶來健康與快樂。', '[\"/uploads/forum/posts/test18.jpg\"]', '[\"運動\", \"習慣\", \"健康\"]', 0, 1, '2024-05-13 14:20:00', 0, 0, '運動'),
(19, 19, '林姐', '營養補充品的選擇與迷思', '/avatars/user19.jpg', '隨著健康意識提升，營養補充品成為許多人日常生活的一部分。然而，市面上補充品種類繁多，消費者常常無所適從。首先，應根據個人需求選擇補充品，例如素食者可補充維生素B12，女性則可補充鐵質與鈣質。運動員則可考慮蛋白粉、支鏈胺基酸等。購買時應選擇有認證的品牌，避免來路不明的產品。補充品並非萬靈丹，均衡飲食才是健康的根本。過量攝取某些營養素如維生素A、D、E等，反而可能造成身體負擔。建議在醫師或營養師指導下使用補充品，並定期檢查身體狀況。', '[\"/uploads/forum/posts/test19.jpg\"]', '[\"營養\", \"健康\", \"補充品\"]', 0, 1, '2024-05-14 11:10:00', 0, 0, '營養'),
(20, 20, '黃大大', '運動傷害的預防與處理', '/avatars/user20.jpg', '運動雖然有益健康，但若方法不當，容易造成傷害。預防運動傷害，首先要做好熱身與伸展，讓肌肉與關節進入狀態。選擇合適的運動裝備，如運動鞋、護膝等，也能降低受傷風險。運動時應量力而為，避免過度訓練。若感覺不適，應立即停止並休息。運動後的收操同樣重要，有助於肌肉放鬆與恢復。若不幸受傷，應及時冰敷並尋求專業醫療協助。', '[\"/uploads/forum/posts/test20.jpg\"]', '[\"運動\", \"健康\", \"預防\"]', 0, 0, '2024-05-15 17:10:00', 0, 0, '其他'),
(21, 21, '陳雅婷仔', '健康生活的五大習慣', '/avatars/user21.jpg', '健康生活需從日常習慣做起。第一，保持規律運動，每週至少三次。第二，均衡飲食，攝取多元營養。第三，充足睡眠，每晚7-8小時。第四，管理壓力，適時放鬆心情。第五，定期健康檢查，及早發現潛在問題。這五大習慣能有效提升生活品質，預防疾病。', '[\"/uploads/forum/posts/test21.jpg\"]', '[\"健康\", \"生活\", \"習慣\"]', 0, 1, '2024-05-16 15:40:00', 0, 0, '健康'),
(22, 22, '李哥', '減重飲食的迷思', '/avatars/user22.jpg', '減重過程中，許多人會陷入飲食迷思，如完全不吃澱粉或只吃蔬菜。事實上，均衡飲食才是健康減重的關鍵。適量攝取碳水化合物，能提供身體所需能量。蛋白質有助於維持肌肉量，蔬果則提供纖維與維生素。建議搭配運動，提升新陳代謝。避免極端飲食法，以免影響健康。', '[\"/uploads/forum/posts/test22.jpg\"]', '[\"營養\", \"減重\", \"健康\"]', 1, 1, '2024-05-17 12:15:00', 0, 0, '營養'),
(23, 23, '許醬', '運動習慣的建立', '/avatars/user23.jpg', '建立運動習慣需從小目標開始，例如每天快走30分鐘。選擇自己喜歡的運動，能提升持續動力。與朋友一起運動，互相鼓勵也很重要。記錄運動成果，能增加成就感。遇到挫折時，不要輕易放棄，給自己時間適應。持之以恆，運動將成為生活的一部分，帶來健康與快樂。', '[\"/uploads/forum/posts/test23.jpg\"]', '[\"運動\", \"習慣\", \"健康\"]', 0, 1, '2024-05-18 18:30:00', 1, 0, '運動'),
(24, 24, '周志明寶寶', '運動與心理健康', '/avatars/user24.jpg', '運動不僅有助於身體健康，對心理健康也有顯著影響。運動時，身體會釋放內啡肽，這種物質能夠提升情緒，減輕壓力，對心理健康有正面幫助。參加團體運動或健身課程，能認識新朋友，增進人際關係。運動還能改善睡眠品質，減少焦慮與憂鬱症狀。建議每週至少進行150分鐘中等強度運動，並搭配均衡飲食，才能達到最佳健康效果。', '[\"/uploads/forum/posts/test24.jpg\"]', '[\"運動\", \"心理\", \"健康\"]', 0, 2, '2024-05-19 10:00:00', 0, 0, '其他'),
(25, 25, '吳妹', '健康飲食的實踐', '/avatars/user25.jpg', '健康飲食需從日常做起。建議多攝取蔬果、全穀類、低脂乳品及瘦肉，減少油炸及高糖食物。每餐應包含蛋白質、碳水化合物及適量脂肪。多喝水，少喝含糖飲料。定時進食，避免暴飲暴食。透過規律飲食習慣，不僅能維持理想體重，還能預防慢性疾病。', '[\"/uploads/forum/posts/test25.jpg\"]', '[\"營養\", \"健康\", \"飲食\"]', 1, 1, '2024-05-20 11:30:00', 0, 0, '營養'),
(26, 26, '蔡大大', '運動與長壽的關聯', '/avatars/user26.jpg', '多項研究顯示，規律運動能延長壽命，降低罹患慢性疾病的風險。運動能促進心肺功能，增強免疫力，改善血糖與血壓。建議每週至少進行150分鐘中等強度運動，如快走、游泳、騎自行車等。搭配均衡飲食，能進一步提升健康。', '[\"/uploads/forum/posts/test26.jpg\"]', '[\"運動\", \"健康\", \"長壽\"]', 0, 1, '2024-05-21 09:45:00', 0, 0, '健康'),
(27, 27, '林小可愛', '營養與運動表現', '/avatars/user27.jpg', '營養對運動表現有直接影響。運動前攝取適量碳水化合物能提升體力，運動後補充蛋白質有助於肌肉修復。維生素與礦物質則參與能量代謝，缺乏時會影響運動表現。建議運動員根據訓練強度調整飲食內容，並定期檢查營養狀況。', '[\"/uploads/forum/posts/test27.jpg\"]', '[\"營養\", \"運動\", \"健康\"]', 1, 1, '2024-05-22 13:50:00', 0, 0, '營養'),
(28, 28, '張仔', '健康體重管理', '/avatars/user28.jpg', '維持健康體重需結合運動與飲食。建議每週運動三至五次，搭配低熱量、高纖維飲食。避免極端減重法，以免影響健康。定期量測體重與體脂肪，調整飲食與運動計畫。', '[\"/uploads/forum/posts/test28.jpg\"]', '[\"健康\", \"體重\", \"管理\"]', 0, 0, '2024-05-23 17:10:00', 0, 0, '健康'),
(29, 29, '王姐', '運動與免疫力提升', '/avatars/user29.jpg', '運動能促進免疫細胞活性，提升身體對抗疾病的能力。適度運動能減少感冒與感染風險，但過度訓練反而可能抑制免疫功能。建議每週規律運動，並搭配充足睡眠與均衡飲食。', '[\"/uploads/forum/posts/test29.jpg\"]', '[\"運動\", \"免疫力\", \"健康\"]', 1, 1, '2024-05-24 12:15:00', 0, 0, '其他'),
(30, 30, '陳寶寶', '健康生活的自我管理', '/avatars/user30.jpg', '健康生活需自我管理。包括規律運動、均衡飲食、充足睡眠、壓力管理與定期健康檢查。設定明確目標，持之以恆，能有效提升生活品質與預防疾病。', '[\"/uploads/forum/posts/test30.jpg\"]', '[\"健康\", \"自我管理\", \"生活\"]', 1, 1, '2024-05-25 18:30:00', 1, 0, '其他'),
(31, 31, '余梓姜', '健康生活的自我管理', '/avatars/user31.jpg', '健康生活需自我管理。包括規律運動、均衡飲食、充足睡眠、壓力管理與定期健康檢查。設定明確目標，持之以恆，能有效提升生活品質與預防疾病。', '[\"/uploads/forum/posts/test31.jpg\"]', '[\"健康\", \"自我管理\", \"生活\"]', 1, 0, '2025-05-13 10:07:40', 0, 0, '運動'),
(32, 32, '楊陶芝', '營養均衡對運動表現的影響', '/avatars/user31.jpg', '營養均衡是提升運動表現的關鍵因素之一。許多運動員和健身愛好者都知道，單靠訓練無法達到最佳狀態，必須搭配科學的飲食計畫。首先，碳水化合物是運動時最主要的能量來源。無論是短跑還是長跑，肌肉都需要肝醣作為燃料。缺乏碳水化合物會導致體力下降、疲勞感增加，甚至影響訓練效果。蛋白質則是肌肉修復與生長的基礎，運動後攝取足夠的蛋白質能幫助肌肉恢復，減少受傷風險。脂肪雖然常被誤解為不健康，但適量攝取不飽和脂肪酸如橄欖油、堅果等，對心血管健康有益，並能提供長時間運動所需的能量。維生素與礦物質則參與體內多項代謝反應，缺乏時容易導致運動表現下降。例如，缺鐵會造成貧血，影響氧氣運輸，進而降低耐力。運動員應根據訓練強度與目標，調整飲食內容。高強度訓練時，碳水化合物與蛋白質的攝取量需相對提高。運動前1-2小時進食能提供足夠能量，運動後30分鐘內補充營養則有助於恢復。水分補充同樣重要，運動過程中大量流汗會導致體內水分與電解質流失，適時補充能預防脫水與抽筋。對於有特殊需求的人，如素食者、糖尿病患者，則需根據個人狀況調整飲食內容。總之，營養均衡不僅能提升運動表現，還能預防運動傷害，促進整體健康。', '[\"/uploads/forum/posts/test32.jpg\"]', '[\"運動表現\"]', 1, 0, '2025-05-13 10:29:43', 0, 0, '運動'),
(41, 1, '羅俊宇', '運動與飲食規劃的實戰經驗', '/uploads/avatars/avatar-1-1747195237592', '在現代社會，越來越多人意識到運動與飲食規劃對健康的重要性。許多人在開始健身或減重計畫時，常常只注重運動，卻忽略了飲食的關鍵角色。事實上，飲食與運動的結合才能達到最佳效果。以我自身經驗為例，剛開始健身時，我每天花兩小時在健身房，卻因為飲食不當，體重不減反增。後來我開始記錄每日飲食，發現自己攝取過多高熱量食物，尤其是宵夜和含糖飲料。於是我調整飲食，增加蛋白質攝取，減少精緻澱粉和油炸食物，並多吃蔬果。這樣的改變讓我在三個月內減重八公斤，體脂肪也明顯下降。運動方面，我從單一的重量訓練改為有氧與無氧交替，並加入HIIT高強度間歇訓練，提升燃脂效率。每週安排一天休息，讓身體有時間恢復。飲食與運動的規劃需要根據個人目標調整，減重者應控制熱量攝取，增肌者則需增加蛋白質與總熱量。建議大家可以使用飲食紀錄APP，幫助自己掌握每日營養攝取。運動前後的營養補充也很重要，運動前可攝取適量碳水化合物，運動後則補充蛋白質與水分，促進肌肉修復。最重要的是，飲食與運動都要持之以恆，才能看到長期成效。', '[\"/uploads/forum/posts/test33.jpg\"]', '[\"飲食規劃\"]', 3, 0, '2025-05-14 22:34:26', 3, 0, '營養'),
(42, 1, '羅俊宇', '運動與長壽的科學證據', '/uploads/avatars/avatar-1-1747195237592', '多項科學研究證實，規律運動能顯著延長壽命。運動能促進心肺功能，降低高血壓、糖尿病、心血管疾病等慢性病風險。研究顯示，每週進行150分鐘中等強度運動，如快走、游泳、騎自行車等，能有效降低死亡率。運動還能提升免疫力，改善心理健康，減少焦慮與憂鬱症狀。長壽不僅僅是活得久，更重要的是活得健康。運動能維持肌肉與骨骼健康，預防骨質疏鬆與肌少症。對於老年人來說，運動能提升生活自理能力，減少跌倒風險。運動還能促進大腦健康，預防失智症。建議大家根據自身狀況選擇適合的運動方式，並持之以恆，才能享受長壽與健康的人生。', '[\"/uploads/forum/posts/test34.jpg\"]', '[\"長壽\"]', 1, 0, '2025-05-14 22:39:49', 1, 0, '其他'),
(46, 31, '余梓姜', '運動與心理健康的深度關聯', '', '在現代社會，心理健康已成為人們越來越重視的議題。許多人在面對生活壓力、工作壓力時，常常忽略了運動對心理健康的巨大幫助。根據世界衛生組織的研究，規律的運動不僅能夠改善身體健康，還能顯著提升心理健康水平。運動時，人體會釋放內啡肽，這種被稱為「快樂荷爾蒙」的物質能夠有效減輕壓力、焦慮和憂鬱情緒。許多心理學家建議，當你感到情緒低落時，不妨嘗試進行30分鐘的有氧運動，如快走、慢跑或騎自行車，這些運動能夠促進大腦分泌更多的內啡肽，讓你感覺更快樂、更有活力。此外，運動還能提升自信心。當你設定運動目標並逐步達成時，會產生成就感，這對於提升自我價值感非常有幫助。團體運動如籃球、足球、羽毛球等，還能增進人際互動，減少孤獨感。對於長期處於壓力環境中的人來說，運動是一種極佳的紓壓方式。研究顯示，每週進行三次以上的中等強度運動，能顯著降低焦慮和憂鬱的發生率。運動還能改善睡眠品質，許多失眠患者在開始規律運動後，發現入睡更容易，睡眠更深沉。運動對於青少年和老年人同樣重要。青少年透過運動能釋放學業壓力，培養團隊合作精神；老年人則能藉由運動維持身心健康，預防失智症和憂鬱症。總之，運動不僅僅是身體的鍛鍊，更是心理健康的守護者。無論你處於人生的哪個階段，都應該將運動融入日常生活，讓自己擁有更健康、更快樂的人生。', '[\"/uploads/forum/1747310178555-sweet-life.jpg\"]', '[\"運動\", \"心理健康\", \"荷爾蒙\"]', 0, 0, '2025-05-15 19:56:17', 9, 0, '運動'),
(50, 32, '楊陶芝', '健康生活的全方位策略321', '/uploads/avatars/avatar-32-1747963578752.jpg', '健康生活不僅僅是飲食與運動的結合，更是一種全方位的生活態度。首先，規律運動是維持健康的基礎。每週至少進行150分鐘的中等強度運動，如快走、游泳、騎自行車等，能有效提升心肺功能，增強免疫力，預防慢性疾病。運動不僅能強化身體，還能釋放壓力，提升心理健康。其次，均衡飲食是健康生活的另一大支柱。建議多攝取蔬果、全穀類、低脂乳品及瘦肉，減少油炸及高糖食物。每餐應包含蛋白質、碳水化合物及適量脂肪。多喝水，少喝含糖飲料。定時進食，避免暴飲暴食。充足睡眠同樣重要，每晚7-8小時的高品質睡眠能促進身體修復，提升專注力與記憶力。壓力管理也是健康生活不可忽視的一環。學會放鬆心情，適時休息，參加興趣活動，能有效減輕壓力。定期健康檢查則能及早發現潛在問題，預防疾病發生。最後，建立良好的人際關係，與家人朋友保持聯繫，能提升幸福感與生活滿意度。健康生活是一種長期的自我管理，需要持之以恆，才能真正享受健康帶來的美好人生。', '[\"/uploads/forum/1747964383683-jason-briscoe-GrdJp16CPk8-unsplash.jpg\"]', '[\"自我管理\", \"壓力\"]', 2, 0, '2025-05-23 09:39:39', 4, 0, '健康'),
(52, 1, '羅俊宇', '營養與健康的關聯', '/avatars/user51.jpg', '現代人越來越重視營養與健康，合理的飲食結構對於維持身體健康至關重要。蛋白質、碳水化合物、脂肪、維生素和礦物質等營養素的均衡攝取，能夠幫助我們增強免疫力、促進新陳代謝、維持器官正常運作。許多人在追求健康的過程中，會選擇多吃蔬菜水果、減少油炸食品的攝取，並且適量補充優質蛋白質，例如魚、雞胸肉、豆腐等。除了飲食之外，適當的運動也是維持健康不可或缺的一環。運動能夠促進血液循環、增強心肺功能、幫助消化吸收，還能釋放壓力、提升心理健康。根據世界衛生組織的建議，成年人每週應進行至少150分鐘的中等強度有氧運動，例如快走、游泳、騎自行車等。此外，良好的作息習慣也對健康有很大影響。充足的睡眠有助於身體修復和免疫系統的強化，減少慢性疾病的風險。現代社會壓力大，許多人容易忽略心理健康，事實上，保持積極樂觀的心態、適時與朋友家人交流、參與社交活動，對於心理健康同樣重要。總之，營養、運動和健康三者密不可分，只有全面關注，才能真正擁有健康的身心。', '[\"/uploads/forum/posts/test35.jpg\"]', '[\"營養\", \"健康\"]', 0, 0, '2025-05-26 10:59:40', 0, 0, '營養'),
(53, 3, '陳詩涵', '運動對身心健康的益處', '/avatars/user52.jpg', '運動不僅能夠強化身體，還對心理健康有顯著的正面影響。規律的運動可以提升心肺功能、增強肌肉力量、改善骨骼密度，降低罹患慢性疾病的風險，如高血壓、糖尿病和心臟病。運動時，身體會釋放內啡肽，這種物質能夠讓人感到愉悅，減輕壓力和焦慮。許多研究顯示，經常運動的人在面對生活壓力時，心理韌性更強，情緒也更穩定。除了有氧運動，像是瑜伽、太極等柔軟運動也有助於提升身體柔軟度和平衡感，並且能夠幫助放鬆心情。對於學生和上班族來說，長時間久坐容易導致肌肉僵硬和血液循環不良，建議每隔一段時間就起身活動，做些伸展操或簡單的運動。運動還能促進睡眠品質，讓人更容易入睡且睡得更深沉。無論年齡大小，選擇適合自己的運動方式，並持之以恆，都是維持健康生活的關鍵。', '[\"/uploads/forum/posts/test36.jpg\"]', '[\"運動\", \"健身\"]', 0, 0, '2025-05-26 10:59:40', 3, 0, '運動'),
(54, 5, '林志明', '健康飲食的重要性', '/avatars/user53.jpg', '健康飲食是維持身體健康的基礎。均衡攝取各類營養素，能夠幫助我們預防疾病、增強體力、提升生活品質。現代人飲食習慣多以高油、高糖、高鹽為主，這容易導致肥胖、心血管疾病等健康問題。建議多攝取全穀類、蔬菜、水果、豆類和堅果，減少紅肉和加工食品的攝取。早餐是一天中最重要的一餐，能夠提供身體所需的能量，幫助我們保持專注力和活力。除了飲食內容，進食的時間和方式也很重要。細嚼慢嚥有助於消化吸收，避免暴飲暴食則能減少腸胃負擔。飲食之外，適量運動和充足睡眠同樣不可忽視。健康的生活方式需要從日常小事做起，例如多喝水、少喝含糖飲料、定期運動、保持良好作息。只有將健康飲食與運動結合，才能真正達到身心健康的目標。', '[\"/uploads/forum/posts/test37.jpg\"]', '[\"健康飲食\", \"健身\"]', 5, 0, '2025-05-26 10:59:40', 1, 0, '健康'),
(55, 7, '張家豪', '運動與營養的完美結合', '/avatars/user54.jpg', '運動與營養是健康生活的兩大支柱。運動能夠促進新陳代謝、增強體力，而營養則為身體提供所需的能量和修復材料。運動前後的飲食安排對於運動表現和恢復至關重要。運動前可以適量攝取碳水化合物，提供運動所需的能量；運動後則應補充蛋白質，幫助肌肉修復和生長。許多運動員會根據自己的訓練計畫調整飲食內容，確保營養攝取充足。對於一般人來說，保持均衡飲食和規律運動同樣重要。建議每週至少運動三次，每次30分鐘以上，並且多攝取新鮮蔬果和優質蛋白質。運動和營養的結合不僅能提升身體素質，還能增強免疫力、預防疾病。健康的生活方式需要長期堅持，從飲食和運動兩方面著手，才能達到最佳效果。', '[\"/uploads/forum/posts/test38.jpg\"]', '[\"運動\", \"營養\"]', 1, 0, '2025-05-26 10:59:40', 0, 0, '運動'),
(56, 9, '王建平', '健康生活的關鍵', '/avatars/user55.jpg', '健康生活需要從多方面著手，包括均衡飲食、規律運動、良好作息和心理健康。均衡飲食能夠提供身體所需的各種營養素，幫助我們維持正常生理機能。規律運動則能增強體力、改善心肺功能、促進新陳代謝。良好的作息習慣有助於身體修復和免疫力提升，減少慢性疾病的風險。現代人生活壓力大，容易忽略心理健康，建議多參與社交活動、培養興趣愛好，保持積極樂觀的心態。健康生活不是一蹴而就的，需要從日常小事做起，例如多喝水、少吃油炸食品、定期運動、保持充足睡眠。只有將營養、運動和健康結合起來，才能真正擁有健康的人生。', '[\"/uploads/forum/posts/test39.jpg\"]', '[\"健康\", \"均衡飲食\"]', 1, 0, '2025-05-26 10:59:40', 2, 0, '健康');

-- --------------------------------------------------------

--
-- 資料表結構 `forum_subscriptions`
--

CREATE TABLE `forum_subscriptions` (
  `id` int NOT NULL,
  `email` varchar(255) NOT NULL,
  `subscribed_at` datetime NOT NULL,
  `is_subscribed` tinyint(1) NOT NULL DEFAULT '1'
) ENGINE=InnoDB DEFAULT CHARSET=utf8mb4 COLLATE=utf8mb4_0900_ai_ci;

--
-- 傾印資料表的資料 `forum_subscriptions`
--

INSERT INTO `forum_subscriptions` (`id`, `email`, `subscribed_at`, `is_subscribed`) VALUES
(1, 'test@test.com', '2025-05-08 15:22:17', 1),
(2, 'arrow9053@gmail.com', '2025-05-13 14:16:02', 1);

-- --------------------------------------------------------

--
-- 資料表結構 `forum_user_likes`
--

CREATE TABLE `forum_user_likes` (
  `id` int NOT NULL,
  `user_id` int NOT NULL,
  `post_id` int NOT NULL,
  `created_at` timestamp NULL DEFAULT CURRENT_TIMESTAMP
) ENGINE=InnoDB DEFAULT CHARSET=utf8mb4 COLLATE=utf8mb4_0900_ai_ci;

--
-- 傾印資料表的資料 `forum_user_likes`
--

INSERT INTO `forum_user_likes` (`id`, `user_id`, `post_id`, `created_at`) VALUES
(5, 31, 30, '2025-05-15 14:46:12'),
(6, 31, 31, '2025-05-16 02:50:42'),
(7, 31, 3, '2025-05-16 02:50:48'),
(8, 31, 2, '2025-05-16 03:40:29'),
(13, 1, 4, '2025-05-16 05:53:04'),
(14, 1, 32, '2025-05-16 08:03:14'),
(17, 1, 22, '2025-05-16 08:15:05'),
(21, 1, 41, '2025-05-16 08:16:39'),
(23, 1, 27, '2025-05-16 08:18:12'),
(24, 1, 25, '2025-05-16 08:18:16'),
(66, 1, 1, '2025-05-16 08:33:50'),
(114, 1, 5, '2025-05-20 01:08:29'),
(115, 32, 29, '2025-05-20 02:19:16'),
(118, 32, 50, '2025-05-23 01:39:55'),
(119, 43, 50, '2025-05-23 03:39:30'),
(120, 32, 41, '2025-05-23 06:24:37'),
(121, 32, 42, '2025-05-26 02:18:57'),
(122, 50, 54, '2025-05-26 05:44:24'),
(124, 52, 56, '2025-05-26 06:47:07'),
(125, 52, 54, '2025-05-26 06:47:08'),
(126, 52, 4, '2025-05-26 06:47:14'),
(127, 52, 41, '2025-05-26 06:47:20'),
(128, 32, 54, '2025-05-27 08:36:04'),
(129, 32, 55, '2025-05-27 08:36:15'),
(130, 23, 54, '2025-05-29 03:37:41'),
(131, 3, 54, '2025-06-02 02:07:18');

-- --------------------------------------------------------

--
-- 資料表結構 `orders`
--

CREATE TABLE `orders` (
  `id` int NOT NULL,
  `order_number` varchar(50) NOT NULL,
  `user_id` bigint NOT NULL,
  `recipient_name` varchar(50) NOT NULL,
  `recipient_phone` varchar(20) NOT NULL,
  `total` int NOT NULL,
  `discount` int DEFAULT '0',
  `shipping_fee` int DEFAULT '0',
  `final_total` int DEFAULT NULL,
  `payment_id` int DEFAULT NULL,
  `shipping_id` int DEFAULT NULL,
  `created_at` timestamp NULL DEFAULT CURRENT_TIMESTAMP,
  `updated_at` timestamp NULL DEFAULT CURRENT_TIMESTAMP ON UPDATE CURRENT_TIMESTAMP
) ENGINE=InnoDB DEFAULT CHARSET=utf8mb4 COLLATE=utf8mb4_0900_ai_ci;

--
-- 傾印資料表的資料 `orders`
--

INSERT INTO `orders` (`id`, `order_number`, `user_id`, `recipient_name`, `recipient_phone`, `total`, `discount`, `shipping_fee`, `final_total`, `payment_id`, `shipping_id`, `created_at`, `updated_at`) VALUES
(26, 'NF-2505217CAD57', 31, '企鵝1', '0912456789', 3600, 0, 0, 3600, 25, 23, '2025-05-21 07:44:19', '2025-05-21 07:44:19'),
(38, 'NF-25052394E92F', 43, 'tom', '0988888888', 3250, 0, 0, 3250, 37, 24, '2025-05-23 03:37:18', '2025-05-23 03:37:18'),
(39, 'NF-2505264B5B8A', 27, '蘇北辰', '0912456789', 10200, 0, 0, 10200, 38, 25, '2025-05-26 02:10:25', '2025-05-26 02:10:25'),
(40, 'NF-250526356528', 20, '黃志偉', '0912456789', 7600, 0, 0, 7600, 39, 26, '2025-05-26 02:25:04', '2025-05-26 02:25:04'),
(41, 'NF-250526DFD7C5', 3, '陳妹', '0966666666', 2330, 20, 0, 2310, 40, 27, '2025-05-26 03:18:46', '2025-05-26 03:18:46'),
(42, 'NF-250526E9BBA0', 3, '蘇北辰', '0912456789', 2370, 100, 0, 2270, 41, 28, '2025-05-26 08:32:21', '2025-05-26 08:32:21'),
(43, 'NF-250527DB3A09', 5, '饅頭', '0912456789', 1580, 0, 80, 1660, 42, 29, '2025-05-27 02:33:47', '2025-05-27 02:33:47'),
(44, 'NF-250527D3D05F', 3, '企鵝1', '0912456789', 3240, 30, 0, 3210, 43, 30, '2025-05-27 05:59:30', '2025-05-27 05:59:30'),
(45, 'NF-250527DB9C76', 3, '陳詩涵', '0989568417', 520, 0, 80, 600, 44, 31, '2025-05-27 07:11:53', '2025-05-27 07:11:53'),
(46, 'NF-2505274784CC', 1, '羅俊宇', '0937162615', 1800, 0, 80, 1880, 45, 32, '2025-05-27 08:28:18', '2025-05-27 08:28:18'),
(47, 'NF-250527D33E69', 32, '卓家筠', '0987338167', 800, 0, 120, 920, 46, 33, '2025-05-27 08:56:29', '2025-05-27 08:56:29'),
(48, 'NF-250529218D31', 3, '˙˙', '0912345677', 4730, 100, 0, 4630, 47, 34, '2025-05-29 07:53:38', '2025-05-29 07:53:38'),
(49, 'NF-2506033F6A6C', 56, 'Nexfit', '0945223775', 2150, 15, 0, 2135, 48, 35, '2025-06-02 18:05:07', '2025-06-02 18:05:07'),
(50, 'NF-2506031D0550', 56, 'Nexfit', '0945223775', 3850, 100, 0, 3750, 49, 36, '2025-06-02 18:12:45', '2025-06-02 18:12:45'),
(51, 'NF-250603BFCD52', 56, 'Nexfit', '0945223775', 1300, 0, 80, 1380, 50, 37, '2025-06-02 19:13:30', '2025-06-02 19:13:30'),
(52, 'NF-25060319D4FB', 56, 'Nexfit', '0945223775', 3300, 20, 0, 3280, 51, 38, '2025-06-02 19:19:55', '2025-06-02 19:19:55'),
(53, 'NF-2506035907C1', 56, 'Nexfit', '0945223775', 780, 50, 80, 810, 52, 39, '2025-06-02 19:29:20', '2025-06-02 19:29:20'),
(54, 'NF-250603CC8571', 56, 'Nexfit', '0945223775', 4510, 0, 0, 4510, 53, 40, '2025-06-03 01:23:39', '2025-06-03 01:23:39'),
(55, 'NF-25060366BF17', 56, 'Nexfit', '0945223775', 3050, 0, 0, 3050, 54, 41, '2025-06-03 01:37:29', '2025-06-03 01:37:29'),
(56, 'NF-2506036777D7', 56, 'Nexfit', '0945223775', 3550, 0, 0, 3550, 55, 42, '2025-06-03 03:51:05', '2025-06-03 03:51:05'),
(57, 'NF-25060364A645', 56, 'Nexfit', '0945223775', 5150, 0, 0, 5150, 56, 43, '2025-06-03 09:36:44', '2025-06-03 09:36:44'),
(58, 'NF-250604B5BB31', 56, 'Nexfit', '0945223775', 2360, 100, 0, 2260, 57, 44, '2025-06-04 14:48:19', '2025-06-04 14:48:19'),
(59, 'NF-250604A60391', 56, 'Nexfit', '0945223775', 7000, 50, 0, 6950, 58, 45, '2025-06-04 15:31:10', '2025-06-04 15:31:10'),
(60, 'NF-25060588208B', 56, 'Nexfit', '0945223775', 3160, 20, 0, 3140, 59, 46, '2025-06-04 17:42:33', '2025-06-04 17:42:33'),
(61, 'NF-250605FA5C2E', 56, 'Nexfit', '0945223775', 4160, 15, 0, 4145, 60, 47, '2025-06-04 18:04:38', '2025-06-04 18:04:38'),
(62, 'NF-250605C08F98', 56, 'Nexfit', '0945223775', 3160, 0, 0, 3160, 61, 48, '2025-06-04 18:21:14', '2025-06-04 18:21:14'),
(63, 'NF-250605DA04EA', 12, '楊雅琳', '0947632198', 2950, 0, 0, 2950, 62, 49, '2025-06-04 18:28:38', '2025-06-04 18:28:38'),
(64, 'NF-25060592A054', 12, '楊雅琳', '0947632198', 2760, 0, 0, 2760, 63, 50, '2025-06-04 19:14:15', '2025-06-04 19:14:15'),
(65, 'NF-250605961A68', 12, '楊雅琳', '0947632198', 5500, 0, 0, 5500, 64, 51, '2025-06-05 02:28:16', '2025-06-05 02:28:16'),
(66, 'NF-2506058FBD87', 4, '黃雅婷', '0918923476', 1180, 0, 80, 1260, 65, 52, '2025-06-05 14:20:34', '2025-06-05 14:20:34'),
(67, 'NF-250605B41AFE', 3, '陳詩涵', '0989568417', 2780, 100, 0, 2680, 66, 53, '2025-06-05 15:31:21', '2025-06-05 15:31:21'),
(68, 'NF-250606216B54', 3, '陳詩涵', '0989568417', 4940, 100, 0, 4840, 67, 54, '2025-06-05 16:42:27', '2025-06-05 16:42:27'),
(69, 'NF-250606D4E72B', 3, '陳詩涵', '0989568417', 990, 20, 120, 1090, 68, 55, '2025-06-05 16:42:58', '2025-06-05 16:42:58'),
(70, 'NF-2506068E2812', 3, '陳詩涵', '0989568417', 2590, 30, 0, 2560, 69, 56, '2025-06-05 17:15:27', '2025-06-05 17:15:27'),
(71, 'NF-250606BD6A91', 3, '陳詩涵', '0989568417', 4380, 30, 0, 4350, 70, 57, '2025-06-05 17:25:46', '2025-06-05 17:25:46'),
(72, 'NF-250606DD9E63', 3, '陳詩涵', '0989568417', 4300, 0, 0, 4300, 71, 58, '2025-06-05 17:47:01', '2025-06-05 17:47:01'),
(73, 'NF-250606F02DBE', 3, '陳詩涵', '0989568417', 3500, 0, 0, 3500, 72, 59, '2025-06-05 17:56:42', '2025-06-05 17:56:42'),
(74, 'NF-250818A89F53', 58, '測試帳號', '0905222111', 4800, 0, 0, 4800, 73, 60, '2025-08-18 08:03:55', '2025-08-18 08:03:55'),
(76, 'NF-250818E649F3', 58, '測試帳號', '0905222111', 2760, 0, 0, 2760, 74, 61, '2025-08-18 08:04:48', '2025-08-18 08:04:48');

-- --------------------------------------------------------

--
-- 資料表結構 `order_items`
--

CREATE TABLE `order_items` (
  `id` int NOT NULL,
  `order_id` int NOT NULL,
  `product_id` int UNSIGNED NOT NULL,
  `unit_price` int NOT NULL,
  `quantity` int NOT NULL,
  `subtotal` int NOT NULL,
  `created_at` timestamp NULL DEFAULT CURRENT_TIMESTAMP
) ENGINE=InnoDB DEFAULT CHARSET=utf8mb4 COLLATE=utf8mb4_0900_ai_ci;

--
-- 傾印資料表的資料 `order_items`
--

INSERT INTO `order_items` (`id`, `order_id`, `product_id`, `unit_price`, `quantity`, `subtotal`, `created_at`) VALUES
(81, 24, 1, 399, 3, 1197, '2025-05-18 07:25:11'),
(86, 27, 2, 399, 2, 798, '2025-05-18 09:56:18'),
(87, 27, 3, 599, 4, 2396, '2025-05-18 09:56:18'),
(88, 28, 3, 599, 2, 1198, '2025-05-20 15:49:00'),
(89, 29, 2, 399, 1, 399, '2025-05-20 15:55:41'),
(90, 30, 3, 599, 2, 1198, '2025-05-20 16:03:13'),
(91, 31, 2, 399, 3, 1197, '2025-05-20 16:06:45'),
(92, 32, 2, 399, 1, 399, '2025-05-20 16:07:53'),
(93, 32, 10, 100, 1, 100, '2025-05-20 16:07:53'),
(94, 33, 3, 599, 1, 599, '2025-05-22 06:22:17'),
(95, 34, 3, 599, 1, 599, '2025-05-22 06:33:23'),
(96, 35, 10, 100, 1, 100, '2025-05-22 10:12:01'),
(97, 35, 3, 599, 1, 599, '2025-05-22 10:12:01'),
(98, 36, 2, 399, 1, 399, '2025-05-22 10:16:38'),
(99, 36, 3, 599, 1, 599, '2025-05-22 10:16:38'),
(100, 36, 10, 100, 1, 100, '2025-05-22 10:16:38'),
(101, 37, 2, 399, 4, 1596, '2025-05-22 10:21:09'),
(102, 37, 3, 599, 1, 599, '2025-05-22 10:21:09'),
(103, 37, 10, 100, 1, 100, '2025-05-22 10:21:09'),
(104, 38, 2, 800, 1, 800, '2025-05-23 03:37:18'),
(105, 38, 3, 1800, 1, 1800, '2025-05-23 03:37:18'),
(106, 38, 10, 650, 1, 650, '2025-05-23 03:37:18'),
(107, 39, 1, 1500, 2, 3000, '2025-05-26 02:10:25'),
(108, 39, 3, 1800, 4, 7200, '2025-05-26 02:10:25'),
(109, 40, 2, 800, 2, 1600, '2025-05-26 02:25:04'),
(110, 40, 3, 1800, 3, 5400, '2025-05-26 02:25:04'),
(111, 40, 4, 600, 1, 600, '2025-05-26 02:25:04'),
(112, 41, 36, 750, 1, 750, '2025-05-26 03:18:46'),
(113, 41, 38, 790, 2, 1580, '2025-05-26 03:18:46'),
(114, 42, 38, 790, 3, 2370, '2025-05-26 08:32:21'),
(115, 43, 38, 790, 2, 1580, '2025-05-27 02:33:47'),
(116, 44, 18, 1500, 1, 1500, '2025-05-27 05:59:30'),
(117, 44, 35, 580, 3, 1740, '2025-05-27 05:59:30'),
(118, 45, 39, 520, 1, 520, '2025-05-27 07:11:53'),
(119, 46, 3, 1800, 1, 1800, '2025-05-27 08:28:18'),
(120, 47, 2, 800, 1, 800, '2025-05-27 08:56:29'),
(121, 48, 2, 800, 2, 1600, '2025-05-29 07:53:38'),
(122, 48, 8, 550, 1, 550, '2025-05-29 07:53:38'),
(123, 48, 37, 860, 3, 2580, '2025-05-29 07:53:38'),
(124, 49, 2, 800, 2, 1600, '2025-06-02 18:05:07'),
(125, 49, 8, 550, 1, 550, '2025-06-02 18:05:07'),
(126, 50, 8, 550, 1, 550, '2025-06-02 18:12:45'),
(127, 50, 12, 1100, 3, 3300, '2025-06-02 18:12:45'),
(128, 51, 7, 1300, 1, 1300, '2025-06-02 19:13:30'),
(129, 52, 12, 1100, 3, 3300, '2025-06-02 19:19:55'),
(130, 53, 11, 780, 1, 780, '2025-06-02 19:29:20'),
(131, 54, 7, 1300, 1, 1300, '2025-06-03 01:23:39'),
(132, 54, 8, 550, 3, 1650, '2025-06-03 01:23:39'),
(133, 54, 11, 780, 2, 1560, '2025-06-03 01:23:39'),
(134, 55, 5, 1100, 1, 1100, '2025-06-03 01:37:29'),
(135, 55, 10, 650, 3, 1950, '2025-06-03 01:37:29'),
(136, 56, 2, 800, 1, 800, '2025-06-03 03:51:05'),
(137, 56, 8, 550, 5, 2750, '2025-06-03 03:51:05'),
(138, 57, 4, 800, 3, 2400, '2025-06-03 09:36:44'),
(139, 57, 8, 550, 5, 2750, '2025-06-03 09:36:44'),
(140, 58, 4, 800, 1, 800, '2025-06-04 14:48:19'),
(141, 58, 11, 780, 2, 1560, '2025-06-04 14:48:19'),
(142, 59, 38, 3500, 2, 7000, '2025-06-04 15:31:10'),
(143, 60, 13, 990, 2, 1980, '2025-06-04 17:42:33'),
(144, 60, 5, 1180, 1, 1180, '2025-06-04 17:42:33'),
(145, 61, 13, 990, 3, 2970, '2025-06-04 18:04:38'),
(146, 61, 28, 1190, 1, 1190, '2025-06-04 18:04:38'),
(147, 62, 5, 1180, 2, 2360, '2025-06-04 18:21:14'),
(148, 62, 2, 800, 1, 800, '2025-06-04 18:21:14'),
(149, 63, 3, 800, 1, 800, '2025-06-04 18:28:38'),
(150, 63, 4, 800, 2, 1600, '2025-06-04 18:28:38'),
(151, 63, 8, 550, 1, 550, '2025-06-04 18:28:38'),
(152, 64, 4, 800, 1, 800, '2025-06-04 19:14:15'),
(153, 64, 26, 980, 2, 1960, '2025-06-04 19:14:15'),
(154, 65, 3, 800, 2, 1600, '2025-06-05 02:28:16'),
(155, 65, 7, 1300, 3, 3900, '2025-06-05 02:28:16'),
(156, 66, 6, 1180, 1, 1180, '2025-06-05 14:20:34'),
(157, 67, 6, 1180, 1, 1180, '2025-06-05 15:31:21'),
(158, 67, 4, 800, 2, 1600, '2025-06-05 15:31:21'),
(159, 68, 11, 780, 3, 2340, '2025-06-05 16:42:27'),
(160, 68, 7, 1300, 2, 2600, '2025-06-05 16:42:27'),
(161, 69, 12, 990, 1, 990, '2025-06-05 16:42:58'),
(162, 70, 1, 800, 2, 1600, '2025-06-05 17:15:27'),
(163, 70, 13, 990, 1, 990, '2025-06-05 17:15:27'),
(164, 71, 7, 1300, 2, 2600, '2025-06-05 17:25:46'),
(165, 71, 5, 1180, 1, 1180, '2025-06-05 17:25:46'),
(166, 71, 10, 200, 3, 600, '2025-06-05 17:25:46'),
(167, 72, 2, 800, 3, 2400, '2025-06-05 17:47:01'),
(168, 72, 8, 550, 2, 1100, '2025-06-05 17:47:01'),
(169, 72, 1, 800, 1, 800, '2025-06-05 17:47:01'),
(170, 73, 8, 550, 2, 1100, '2025-06-05 17:56:42'),
(171, 73, 4, 800, 3, 2400, '2025-06-05 17:56:42'),
(172, 74, 3, 800, 4, 3200, '2025-08-18 08:03:55'),
(173, 74, 4, 800, 2, 1600, '2025-08-18 08:03:55'),
(174, 76, 2, 800, 1, 800, '2025-08-18 08:04:48'),
(175, 76, 26, 980, 2, 1960, '2025-08-18 08:04:48');

-- --------------------------------------------------------

--
-- 資料表結構 `payments`
--

CREATE TABLE `payments` (
  `id` int NOT NULL,
  `order_id` int NOT NULL,
  `method` enum('credit_card','line_pay','ecpay','atm','cash') DEFAULT 'cash',
  `status` enum('pending','paid','failed','cancelled') DEFAULT 'pending',
  `amount` int NOT NULL,
  `transaction_id` varchar(100) DEFAULT NULL,
  `created_at` timestamp NULL DEFAULT CURRENT_TIMESTAMP,
  `updated_at` timestamp NULL DEFAULT CURRENT_TIMESTAMP ON UPDATE CURRENT_TIMESTAMP
) ENGINE=InnoDB DEFAULT CHARSET=utf8mb4 COLLATE=utf8mb4_0900_ai_ci;

--
-- 傾印資料表的資料 `payments`
--

INSERT INTO `payments` (`id`, `order_id`, `method`, `status`, `amount`, `transaction_id`, `created_at`, `updated_at`) VALUES
(25, 26, 'cash', 'pending', 3600, NULL, '2025-05-21 07:44:19', '2025-05-21 07:44:19'),
(37, 38, 'ecpay', 'pending', 3250, NULL, '2025-05-23 03:37:18', '2025-05-23 03:37:18'),
(38, 39, 'ecpay', 'pending', 10200, NULL, '2025-05-26 02:10:25', '2025-05-26 02:10:25'),
(39, 40, 'ecpay', 'pending', 7600, NULL, '2025-05-26 02:25:04', '2025-05-26 02:25:04'),
(40, 41, 'ecpay', 'pending', 2310, NULL, '2025-05-26 03:18:46', '2025-05-26 03:18:46'),
(41, 42, 'cash', 'pending', 2270, NULL, '2025-05-26 08:32:21', '2025-05-26 08:32:21'),
(42, 43, 'ecpay', 'pending', 1660, NULL, '2025-05-27 02:33:47', '2025-05-27 02:33:47'),
(43, 44, 'ecpay', 'pending', 3210, NULL, '2025-05-27 05:59:30', '2025-05-27 05:59:30'),
(44, 45, 'cash', 'pending', 600, NULL, '2025-05-27 07:11:53', '2025-05-27 07:11:53'),
(45, 46, 'ecpay', 'pending', 1880, NULL, '2025-05-27 08:28:18', '2025-05-27 08:28:18'),
(46, 47, 'cash', 'pending', 920, NULL, '2025-05-27 08:56:29', '2025-05-27 08:56:29'),
(47, 48, 'ecpay', 'pending', 4630, NULL, '2025-05-29 07:53:38', '2025-05-29 07:53:38'),
(48, 49, 'ecpay', 'pending', 2135, NULL, '2025-06-02 18:05:07', '2025-06-02 18:05:07'),
(49, 50, 'ecpay', 'pending', 3750, NULL, '2025-06-02 18:12:45', '2025-06-02 18:12:45'),
(50, 51, 'cash', 'pending', 1380, NULL, '2025-06-02 19:13:30', '2025-06-02 19:13:30'),
(51, 52, 'cash', 'pending', 3280, NULL, '2025-06-02 19:19:55', '2025-06-02 19:19:55'),
(52, 53, 'ecpay', 'pending', 810, NULL, '2025-06-02 19:29:20', '2025-06-02 19:29:20'),
(53, 54, 'ecpay', 'pending', 4510, NULL, '2025-06-03 01:23:39', '2025-06-03 01:23:39'),
(54, 55, 'ecpay', 'pending', 3050, NULL, '2025-06-03 01:37:29', '2025-06-03 01:37:29'),
(55, 56, 'ecpay', 'pending', 3550, NULL, '2025-06-03 03:51:05', '2025-06-03 03:51:05'),
(56, 57, 'ecpay', 'pending', 5150, NULL, '2025-06-03 09:36:44', '2025-06-03 09:36:44'),
(57, 58, 'ecpay', 'pending', 2260, NULL, '2025-06-04 14:48:19', '2025-06-04 14:48:19'),
(58, 59, 'ecpay', 'pending', 6950, NULL, '2025-06-04 15:31:10', '2025-06-04 15:31:10'),
(59, 60, 'ecpay', 'pending', 3140, NULL, '2025-06-04 17:42:33', '2025-06-04 17:42:33'),
(60, 61, 'ecpay', 'pending', 4145, NULL, '2025-06-04 18:04:38', '2025-06-04 18:04:38'),
(61, 62, 'cash', 'pending', 3160, NULL, '2025-06-04 18:21:14', '2025-06-04 18:21:14'),
(62, 63, 'ecpay', 'pending', 2950, NULL, '2025-06-04 18:28:38', '2025-06-04 18:28:38'),
(63, 64, 'ecpay', 'pending', 2760, NULL, '2025-06-04 19:14:15', '2025-06-04 19:14:15'),
(64, 65, 'ecpay', 'pending', 5500, NULL, '2025-06-05 02:28:16', '2025-06-05 02:28:16'),
(65, 66, 'ecpay', 'pending', 1260, NULL, '2025-06-05 14:20:34', '2025-06-05 14:20:34'),
(66, 67, 'ecpay', 'pending', 2680, NULL, '2025-06-05 15:31:21', '2025-06-05 15:31:21'),
(67, 68, 'ecpay', 'pending', 4840, NULL, '2025-06-05 16:42:27', '2025-06-05 16:42:27'),
(68, 69, 'ecpay', 'pending', 1090, NULL, '2025-06-05 16:42:58', '2025-06-05 16:42:58'),
(69, 70, 'ecpay', 'pending', 2560, NULL, '2025-06-05 17:15:27', '2025-06-05 17:15:27'),
(70, 71, 'ecpay', 'pending', 4350, NULL, '2025-06-05 17:25:46', '2025-06-05 17:25:46'),
(71, 72, 'ecpay', 'pending', 4300, NULL, '2025-06-05 17:47:01', '2025-06-05 17:47:01'),
(72, 73, 'ecpay', 'pending', 3500, NULL, '2025-06-05 17:56:42', '2025-06-05 17:56:42'),
(73, 74, 'ecpay', 'pending', 4800, NULL, '2025-08-18 08:03:55', '2025-08-18 08:03:55'),
(74, 76, 'cash', 'pending', 2760, NULL, '2025-08-18 08:04:48', '2025-08-18 08:04:48');

-- --------------------------------------------------------

--
-- 資料表結構 `products`
--

CREATE TABLE `products` (
  `id` int UNSIGNED NOT NULL,
  `name` varchar(255) NOT NULL,
  `description` text NOT NULL,
  `category` varchar(255) DEFAULT NULL,
  `brand` varchar(255) DEFAULT NULL,
  `price` decimal(10,2) UNSIGNED DEFAULT NULL,
  `image_url` varchar(255) DEFAULT NULL,
  `stock` int DEFAULT NULL,
  `created_at` timestamp NULL DEFAULT CURRENT_TIMESTAMP
) ENGINE=InnoDB DEFAULT CHARSET=utf8mb4 COLLATE=utf8mb4_0900_ai_ci;

--
-- 傾印資料表的資料 `products`
--

INSERT INTO `products` (`id`, `name`, `description`, `category`, `brand`, `price`, `image_url`, `stock`, `created_at`) VALUES
(1, '乳清蛋白(巧克力口味)', '高品質乳清蛋白，濃郁巧克力風味\n快速吸收配方，促進肌肉修復與增長\n每份含25克優質蛋白質，支持健身目標\n添加必需氨基酸，提升運動表現\n美味可口，讓蛋白質補充成為享受', '高蛋白補給', 'MYPROTEIN', 800.00, 'img01.png,img02.png,img03.png', 116, '2025-05-19 13:25:10'),
(2, '乳清蛋白(芒果口味)', '熱帶芒果風味乳清蛋白，清香甘甜\n採用優質乳清分離蛋白，純度更高\n低脂低醣配方，適合減脂增肌需求\n豐富BCAA含量，加速肌肉恢復\n溶解度佳，口感順滑無顆粒', '高蛋白補給', 'MYPROTEIN', 800.00, 'img04.png,img05.png', 200, '2025-05-19 13:25:12'),
(3, '乳清蛋白(奶茶口味)', '經典奶茶風味，香濃醇厚口感\n含有完整氨基酸譜，促進蛋白質合成\n每份提供30克高品質蛋白質\n無人工色素添加，天然健康配方\n適合訓練後快速補充營養', '高蛋白補給', 'OPTIMUM NUTRITION', 800.00, 'img06.png,img07.png,img08.png,img09.png', 150, '2025-05-19 13:25:13'),
(4, '乳清蛋白(香草口味)', '經典香草風味，溫和香甜\n三重過濾工藝，確保蛋白質純度\n富含亮胺酸，刺激肌肉蛋白合成\n低乳糖配方，消化更溫和\n每日補充，維持肌肉量與體能', '高蛋白補給', 'DECATHLON', 800.00, 'img10.png,img11.png,img12.png,img13.png', 300, '2025-05-19 13:25:14'),
(5, '分離豌豆蛋白-烏龍奶茶', '植物性蛋白質，融合烏龍茶香與奶茶味\n100%豌豆分離蛋白，適合素食者\n無乳糖、無膽固醇，腸胃友善\n豐富的精氨酸與離胺酸含量\n環保永續的蛋白質來源選擇', '高蛋白補給', 'AMINOVITAL', 1180.00, 'img14.png,img15.png,img16.png', 120, '2025-05-19 13:25:05'),
(6, '分離豌豆蛋白', '純淨豌豆分離蛋白，植物基營養首選\n蛋白質含量高達85%，營養價值豐富\n易消化吸收，不造成腸胃負擔\n無基因改造原料，安全可靠\n中性口味，可搭配各種飲品', '高蛋白補給', 'MYPROTEIN', 1180.00, 'img17.png,img18.png', 150, '2025-05-19 13:25:06'),
(7, '乳清蛋白柔滑巧克力', '絲滑巧克力口感，濃郁香醇\n特殊微粒化技術，溶解更完全\n添加可可粉，天然巧克力風味\n低脂肪高蛋白配方，健康美味\n滿足味蕾同時達成健身目標', '高蛋白補給', 'TRYALL', 1300.00, 'img19.png,img20.png', 200, '2025-05-19 13:25:07'),
(8, '蛋白隨搖飲(珍珠奶茶)', '即飲珍珠奶茶風味蛋白飲品\n方便攜帶，隨時補充蛋白質\n每瓶含20克優質蛋白質\nQ彈珍珠顆粒，增加口感層次\n無需調製，開瓶即享美味營養', '高蛋白補給', 'AMINOVITAL', 550.00, 'img21.png,img22.png', 180, '2025-05-19 13:25:08'),
(9, '胺基酸粉BCAA', '支鏈胺基酸粉末，運動必備補給\n2:1:1黃金比例，最佳吸收效果\n檸檬風味，清爽不甜膩\n延緩肌肉疲勞，提升運動表現\n訓練中補充，維持最佳狀態', '運動能量補給', 'APTONIA', 780.00, 'img23.png,img24.png', 250, '2025-05-17 16:45:01'),
(10, '椰子水', '天然椰子水，純淨電解質補充\n富含鉀離子，快速補充流失水分\n無人工添加，100%天然成分\n清淡甘甜，運動後最佳選擇\n低熱量配方，健康解渴聖品', '運動能量補給', 'MYPROTEIN', 200.00, 'img25.png', 220, '2025-05-17 16:45:02'),
(11, 'iCreatine肌酸', '純淨肌酸一水合物，增強爆發力\n提升ATP能量系統效率\n增加肌肉力量與運動表現\n無味粉末，可搭配任何飲品\n科學驗證的肌力提升補給品', '運動能量補給', 'MYPROTEIN', 780.00, 'img26.png,img27.png', 200, '2025-05-17 16:45:03'),
(12, '能量飲料粉包(檸檬口味)', '檸檬風味能量粉包，清新提神\n含咖啡因與牛磺酸，提升專注力\n複合碳水化合物，持續能量供應\n便攜包裝，隨時沖泡飲用\n運動前補充，激發最佳表現', '運動能量補給', 'OPTIMUM NUTRITION', 990.00, 'img28.png,img29.png', 150, '2025-05-17 16:45:04'),
(13, '能量飲料粉包(桃子口味)', '香甜桃子風味，能量滿滿\n添加維生素B群，促進新陳代謝\nβ-丙氨酸成分，延緩肌肉酸化\n即溶配方，快速補充體力\n美味與功效並重的能量選擇', '運動能量補給', 'DECATHLON', 990.00, 'img30.png,img31.png', 130, '2025-05-17 16:45:09'),
(14, '涮嘴蛋白酥脆脆(香濃起司)', '濃郁起司風味，香醇誘人\n高蛋白低脂配方，營養豐富\n烘焙工藝製作，酥脆不油膩\n便攜包裝，隨時享用\n滿足口腹之慾的健康選擇', '活力酥脆脆點心', 'TRYALL', 280.00, 'img34.png,img35.png', 140, '2025-05-16 16:50:02'),
(15, '涮嘴蛋白酥脆脆(瑪格麗特)', '經典瑪格麗特口味，義式風情\n添加番茄與羅勒香料\n每份提供12克優質蛋白質\n無人工防腐劑，天然健康\n獨特風味，開啟味蕾新體驗', '活力酥脆脆點心', 'AMINOVITAL', 280.00, 'img36.png,img37.png', 250, '2025-05-16 16:50:04'),
(16, '涮嘴蛋白酥脆脆(日式海苔)', '日式海苔風味蛋白酥脆餅乾\n每包含15克植物蛋白質\n低碳水化合物，適合控醣飲食\n香脆口感，滿足零食慾望\n健康與美味兼具的蛋白點心', '活力酥脆脆點心', 'APTONIA', 280.00, 'img32.png,img33.png', 180, '2025-05-16 16:50:06'),
(17, '涮嘴蛋白酥脆脆(金沙鹹蛋黃)', '創新金沙鹹蛋黃風味\n融合東方經典與現代營養\n高蛋白質含量，飽足感佳\n香滑蛋黃風味，層次豐富\n創意口味，顛覆傳統蛋白點心', '活力酥脆脆點心', 'MYPROTEIN', 280.00, 'img38.png,img39.png', 200, '2025-05-16 16:50:10'),
(18, '不鏽鋼野外求生水瓶', '304不鏽鋼材質，耐用安全\n雙層真空設計，保溫保冷效果佳\n大容量設計，滿足戶外需求\n防漏密封蓋，攜帶便利\n野外探險與日常使用的完美選擇', '水壺/搖搖杯', 'OPTIMUM NUTRITION', 1500.00, 'img40.png,img41.png', 150, '2025-05-06 20:10:00'),
(19, '搖搖杯', '專業健身搖搖杯，調製蛋白飲品必備\n內建攪拌球，確保完全混合\n刻度標示清晰，精準調配\n防漏設計，安心攜帶\n耐用材質，長期使用無虞', '水壺/搖搖杯', 'TRYALL', 1200.00, 'img42.png,img43.png', 160, '2025-05-06 20:10:00'),
(20, '不鏽鋼搖搖杯(木棉花)', '木棉花圖案設計，美觀實用\n高級不鏽鋼材質，健康無毒\n密封性佳，不易滲漏\n容量適中，方便單手操作\n時尚外觀，展現個人品味', '水壺/搖搖杯', 'DECATHLON', 750.00, 'img44.png,img45.png', 220, '2025-05-06 20:10:00'),
(21, '登山健行背包(NH Escape 300)', '30公升容量，適合單日登山健行\n輕量化設計，減輕負重負擔\n多隔層設計，物品分類收納\n透氣背板，長時間背負舒適\n耐磨材質，適應各種戶外環境', '登山旅行裝備', 'APTONIA', 1800.00, 'img46.png,img47.png', 180, '2025-04-30 16:45:00'),
(22, '登山健行背包(NH Arpenaz 500)', '50公升大容量，多天行程適用\n可調式背帶系統，貼合背部曲線\n防潑水處理，應對多變天氣\n外掛點豐富，擴充性強\n專業登山設計，探險首選', '登山旅行裝備', 'MYPROTEIN', 2600.00, 'img48.png,img49.png', 250, '2025-04-30 16:45:00'),
(23, '健行涼感防曬外套(灰)', '涼感纖維材質，炎夏穿著舒適\nUPF50+防曬係數，有效阻擋紫外線\n透氣排汗，保持乾爽\n輕薄設計，便於攜帶收納\n時尚灰色，百搭實用', '女性機能服飾', 'OPTIMUM NUTRITION', 990.00, 'img50.png,img51.png', 200, '2025-05-09 17:30:00'),
(24, '健行涼感防曬外套(黃)', '亮眼黃色設計，提升戶外能見度\n涼感技術，降低體感溫度\n快乾材質，運動後迅速乾燥\n修身剪裁，展現女性線條\n多功能口袋，實用性十足', '女性機能服飾', 'DECATHLON', 990.00, 'img52.png,img53.png', 220, '2025-05-09 17:30:00'),
(25, '健行涼感防曬外套(藍)', '清新藍色調，展現運動活力\n涼感防曬兩效合一\n彈性布料，活動自如不受限\n抗撞色設計，時尚感十足\n戶外運動與日常穿搭皆宜', '女性機能服飾', 'TRYALL', 990.00, 'img54.png,img55.png', 180, '2025-05-09 17:30:00'),
(26, '登山帽TREK 500 20LE', '專業登山帽，全方位頭部保護\n透氣網布設計，保持頭部涼爽\n可調節帽圍，適合不同頭型\n防曬帽簷，保護面部與頸部\n輕量耐用，戶外活動首選', '防曬專區', 'AMINOVITAL', 980.00, 'img56.png,img57.png', 150, '2025-05-13 21:15:00'),
(27, '健行帽TREK 900(深灰)', '深灰經典色調，低調實用\n速乾材質，適應多變氣候\n360度防曬設計，全面保護\n折疊收納，攜帶便利\n耐用縫線，長期使用無憂', '防曬專區', 'MYPROTEIN', 890.00, 'img58.png,img59.png', 160, '2025-05-13 21:15:00'),
(28, '釣魚帽－米色', '經典釣魚帽款式，復古時尚\n寬帽簷設計，全面遮陽效果\n透氣孔洞，保持頭部通風\n可收納設計，旅行攜帶方便\n米色中性色調，男女皆宜', '防曬專區', 'APTONIA', 1190.00, 'img60.png,img61.png', 200, '2025-05-13 21:15:00'),
(29, '多日登山旅行背心(米色)', '多日登山專用背心，功能齊全\n多口袋設計，物品分類存放\n透氣網眼布料，排汗效果佳\n輕量化材質，不增加負重\n米色耐髒色調，實用美觀', '男性機能服飾', 'OPTIMUM NUTRITION', 1980.00, 'img62.png,img63.png', 140, '2025-05-11 10:15:00'),
(30, '多日登山旅行背心(卡其色)', '卡其軍用色調，展現戶外風格\n快乾排汗，保持身體乾爽\n多功能口袋，物品收納便利\n耐磨材質，適應惡劣環境\n修身剪裁，展現男性魅力', '男性機能服飾', 'DECATHLON', 1680.00, 'img64.png,img65.png', 250, '2025-05-11 10:15:00'),
(31, '羽球拍套組', '專業羽球拍套組，包含2支球拍\n高彈性拍線，提供絕佳手感\n輕量化拍框，靈活操控\n附贈攜帶袋，方便收納運輸\n適合初學者與進階玩家', '球拍運動', 'AMINOVITAL', 580.00, 'img66.png', 300, '2025-05-13 08:45:00'),
(32, '羽球網(綠松石色)', '標準羽球網規格，比賽等級品質\n綠松石色彩，美觀醒目\n耐用尼龍材質，使用壽命長\n快速安裝設計，架設便利\n室內外場地皆適用', '球拍運動', 'TRYALL', 999.00, 'img67.png', 160, '2025-05-13 08:45:00'),
(33, '羽球網(葉綠色)', '葉綠色自然色調，融入環境\n高密度編織，球體彈跳準確\n抗UV處理，戶外使用不褪色\n輕量便攜，組裝拆卸容易\n專業比賽與休閒娛樂兼用', '球拍運動', 'MYPROTEIN', 999.00, 'img68.png', 220, '2025-05-13 08:45:00'),
(34, '桌球拍2入組', '桌球拍雙拍套組，雙人對戰必備\n膠皮黏性佳，控球精準\n符合人體工學握把，舒適不滑手\n平衡重心設計，操控靈活\n適合家庭娛樂與訓練使用', '球拍運動', 'APTONIA', 680.00, 'img69.png', 180, '2025-05-13 08:45:00'),
(35, '桌球拍套', '專業桌球拍保護套，延長拍子壽命\n防塵防潮，妥善保護膠皮\n拉鍊開合，取放方便\n輕量材質，攜帶不負擔\n專業運動員推薦使用', '球拍運動', 'OPTIMUM NUTRITION', 250.00, 'img70.png', 250, '2025-05-13 08:45:00'),
(36, '6入桌球', '標準桌球6顆裝，練習比賽必備\n三星級比賽用球規格\n彈跳穩定，飛行軌跡準確\n耐用材質，不易變形破損\n專業訓練與娛樂對戰皆宜', '球拍運動', 'DECATHLON', 180.00, 'img71.png,img72.png', 200, '2025-05-13 08:45:00'),
(37, '成人款滑板車Town', '城市通勤滑板車，時尚便利\n大輪徑設計，滑行更順暢\n折疊收納，節省空間\n手煞車系統，安全可靠\n適合短程代步與休閒娛樂', '成人 / 兒童滑板車', 'TRYALL', 3300.00, 'img73.png', 140, '2025-05-12 18:25:00'),
(38, '成人滑板車R500', 'R500專業級成人滑板車\n高強度鋁合金車架，輕量耐用\n可調式把手高度，適應身高\nPU輪胎，抗磨耐用\n承重能力強，成人安心使用', '成人 / 兒童滑板車', 'AMINOVITAL', 3500.00, 'img74.png', 160, '2025-05-12 18:25:00'),
(39, '成人滑板車R500(靛藍色)', '靛藍色R500滑板車，個性色彩\n雙後輪煞車，制動效果佳\n防滑踏板，穩定安全\n快拆折疊，攜帶便利\n都市移動的時尚選擇', '成人 / 兒童滑板車', 'MYPROTEIN', 3500.00, 'img75.png', 230, '2025-05-12 18:25:00'),
(40, '兒童滑板車', '專為兒童設計的安全滑板車\n三輪設計，穩定性更高\n可調式把手，伴隨孩子成長\n彩色LED輪燈，增加趣味性\n培養平衡感與運動興趣', '成人 / 兒童滑板車', 'APTONIA', 1800.00, 'img76.png', 180, '2025-05-12 18:25:00');

-- --------------------------------------------------------

--
-- 資料表結構 `sessions`
--

CREATE TABLE `sessions` (
  `session_id` varchar(128) CHARACTER SET utf8mb4 COLLATE utf8mb4_bin NOT NULL,
  `expires` int UNSIGNED NOT NULL,
  `data` mediumtext CHARACTER SET utf8mb4 COLLATE utf8mb4_bin
) ENGINE=InnoDB DEFAULT CHARSET=utf8mb4 COLLATE=utf8mb4_0900_ai_ci;

-- --------------------------------------------------------

--
-- 資料表結構 `shippings`
--

CREATE TABLE `shippings` (
  `id` int NOT NULL,
  `order_id` int NOT NULL,
  `method` enum('home_delivery','store_pickup') DEFAULT 'home_delivery',
  `status` enum('待出貨','配送中','已送達','已完成','退貨中','退貨完成') DEFAULT '待出貨',
  `address` text,
  `store_id` varchar(50) DEFAULT NULL,
  `store_name` varchar(100) DEFAULT NULL,
  `store_address` text,
  `created_at` timestamp NULL DEFAULT CURRENT_TIMESTAMP,
  `updated_at` timestamp NULL DEFAULT CURRENT_TIMESTAMP ON UPDATE CURRENT_TIMESTAMP
) ENGINE=InnoDB DEFAULT CHARSET=utf8mb4 COLLATE=utf8mb4_0900_ai_ci;

--
-- 傾印資料表的資料 `shippings`
--

INSERT INTO `shippings` (`id`, `order_id`, `method`, `status`, `address`, `store_id`, `store_name`, `store_address`, `created_at`, `updated_at`) VALUES
(23, 26, 'store_pickup', '待出貨', '測試用的地址', '252274', '幸福川門市', '高雄市前金區自強一路149號', '2025-05-21 07:44:19', '2025-05-21 07:44:19'),
(24, 38, 'home_delivery', '待出貨', '覺民路15號7樓', '', '', '', '2025-05-23 03:37:18', '2025-05-23 03:37:18'),
(25, 39, 'home_delivery', '已完成', '北辰no家', '', '', '', '2025-05-26 02:10:25', '2025-05-26 02:11:20'),
(26, 40, 'home_delivery', '已完成', '測試用的地址', '', '', '', '2025-05-26 02:25:04', '2025-05-26 02:25:46'),
(27, 41, 'store_pickup', '已完成', NULL, '149516', '建強門市', '高雄市三民區建國三路437號', '2025-05-26 03:18:46', '2025-05-26 03:25:35'),
(28, 42, 'home_delivery', '待出貨', '北辰no家', '', '', '', '2025-05-26 08:32:21', '2025-05-26 08:32:21'),
(29, 43, 'store_pickup', '已完成', NULL, '265236', '中德門市', '新竹縣北埔鄉北埔村中山路42號一樓', '2025-05-27 02:33:47', '2025-05-27 02:35:53'),
(30, 44, 'store_pickup', '待出貨', NULL, '175032', '中廣門市', '台北市大安區仁愛路三段25-1號27號', '2025-05-27 05:59:30', '2025-05-27 05:59:30'),
(31, 45, 'store_pickup', '待出貨', NULL, '249957', '智成門市', '新北市三芝區中正路二段1號智成街79號', '2025-05-27 07:11:53', '2025-05-27 07:11:53'),
(32, 46, 'store_pickup', '待出貨', '高雄市前金區前金十錄', '', '', '', '2025-05-27 08:28:18', '2025-05-27 08:28:18'),
(33, 47, 'home_delivery', '已完成', '大順二路725-3號8樓', '', '', '', '2025-05-27 08:56:29', '2025-05-27 08:57:31'),
(34, 48, 'store_pickup', '待出貨', NULL, '922566', '新竹友達門市', '新竹市東區科學園區力行二路1號', '2025-05-29 07:53:38', '2025-05-29 07:53:38'),
(35, 49, 'store_pickup', '待出貨', NULL, '863698', '豫銘門市', '台北市大安區大安路二段102號', '2025-06-02 18:05:07', '2025-06-02 18:05:07'),
(36, 50, 'store_pickup', '待出貨', NULL, '279567', '三重力行門市', '新北市三重區力行路二段51號53號1樓', '2025-06-02 18:12:45', '2025-06-02 18:12:45'),
(37, 51, 'store_pickup', '待出貨', NULL, '194815', '東珈門市', '新竹市香山區中華路五段156號', '2025-06-02 19:13:30', '2025-06-02 19:13:30'),
(38, 52, 'store_pickup', '待出貨', NULL, '111913', '天下門市', '新北市三峽區中正路一段110號112號1樓', '2025-06-02 19:19:55', '2025-06-02 19:19:55'),
(39, 53, 'store_pickup', '待出貨', NULL, '175032', '中廣門市', '台北市大安區仁愛路三段25-1號27號', '2025-06-02 19:29:20', '2025-06-02 19:29:20'),
(40, 54, 'store_pickup', '待出貨', NULL, '230399', '山富門市', '新北市三峽區中山路9號1.2樓', '2025-06-03 01:23:39', '2025-06-03 01:23:39'),
(41, 55, 'store_pickup', '待出貨', NULL, '235604', '和洲門市', '新北市三重區三和路二段75號1樓', '2025-06-03 01:37:29', '2025-06-03 01:37:29'),
(42, 56, 'home_delivery', '待出貨', '高雄市前金區中正四路211號', '', '', '', '2025-06-03 03:51:05', '2025-06-03 03:51:05'),
(43, 57, 'store_pickup', '待出貨', NULL, '198585', '金芝門市', '新北市三芝區中興街一段2號6號1樓', '2025-06-03 09:36:44', '2025-06-03 09:36:44'),
(44, 58, 'store_pickup', '待出貨', NULL, '249832', '恆新門市', '新竹市北區民富里7鄰北大路342號', '2025-06-04 14:48:19', '2025-06-04 14:48:19'),
(45, 59, 'store_pickup', '待出貨', NULL, '174590', '世紀門市', '新北市中和區中正路710號1樓K棟', '2025-06-04 15:31:10', '2025-06-04 15:31:10'),
(46, 60, 'store_pickup', '待出貨', NULL, '230399', '山富門市', '新北市三峽區中山路9號1.2樓', '2025-06-04 17:42:33', '2025-06-04 17:42:33'),
(47, 61, 'store_pickup', '待出貨', NULL, '274676', '王子門市', '桃園市中壢區三光路130號1樓', '2025-06-04 18:04:38', '2025-06-04 18:04:38'),
(48, 62, 'home_delivery', '待出貨', '高雄市前金區中正四路211號', '', '', '', '2025-06-04 18:21:14', '2025-06-04 18:21:14'),
(49, 63, 'store_pickup', '待出貨', NULL, '264211', '三田門市', '新北市三重區福田里三民街274號276號1樓', '2025-06-04 18:28:38', '2025-06-04 18:28:38'),
(50, 64, 'store_pickup', '待出貨', NULL, '278058', '新鎮興門市', '桃園市平鎮區中興路平鎮段349號351號353號', '2025-06-04 19:14:15', '2025-06-04 19:14:15'),
(51, 65, 'store_pickup', '待出貨', NULL, '257866', '三峽大學路門市', '新北市三峽區大學路67號69號1樓', '2025-06-05 02:28:16', '2025-06-05 02:28:16'),
(52, 66, 'store_pickup', '待出貨', NULL, '264211', '三田門市', '新北市三重區福田里三民街274號276號1樓', '2025-06-05 14:20:34', '2025-06-05 14:20:34'),
(53, 67, 'store_pickup', '待出貨', NULL, '279567', '三重力行門市', '新北市三重區力行路二段51號53號1樓', '2025-06-05 15:31:21', '2025-06-05 15:31:21'),
(54, 68, 'store_pickup', '待出貨', NULL, '249957', '智成門市', '新北市三芝區中正路二段1號智成街79號', '2025-06-05 16:42:27', '2025-06-05 16:42:27'),
(55, 69, 'home_delivery', '待出貨', '高雄市前金區中正路281號2樓', '', '', '', '2025-06-05 16:42:58', '2025-06-05 16:42:58'),
(56, 70, 'store_pickup', '待出貨', NULL, '230399', '山富門市', '新北市三峽區中山路9號1.2樓', '2025-06-05 17:15:27', '2025-06-05 17:15:27'),
(57, 71, 'store_pickup', '待出貨', NULL, '941752', '仁冠門市', '桃園市大溪區仁和路二段319號321號', '2025-06-05 17:25:46', '2025-06-05 17:25:46'),
(58, 72, 'store_pickup', '待出貨', NULL, '279567', '三重力行門市', '新北市三重區力行路二段51號53號1樓', '2025-06-05 17:47:01', '2025-06-05 17:47:01'),
(59, 73, 'store_pickup', '待出貨', NULL, '240226', '仟發門市', '台北市大同區民生西路95號97號', '2025-06-05 17:56:42', '2025-06-05 17:56:42'),
(60, 74, 'store_pickup', '待出貨', NULL, '111418', '中同門市', '桃園市中壢區大同路141號143號1樓', '2025-08-18 08:03:55', '2025-08-18 08:03:55'),
(61, 76, 'home_delivery', '待出貨', '高雄市前金區中正四路211號', '', '', '', '2025-08-18 08:04:48', '2025-08-18 08:04:48');

-- --------------------------------------------------------

--
-- 資料表結構 `tags`
--

CREATE TABLE `tags` (
  `id` bigint UNSIGNED NOT NULL,
  `name` varchar(50) CHARACTER SET utf8mb4 COLLATE utf8mb4_general_ci NOT NULL
) ENGINE=InnoDB DEFAULT CHARSET=utf8mb4 COLLATE=utf8mb4_general_ci;

--
-- 傾印資料表的資料 `tags`
--

INSERT INTO `tags` (`id`, `name`) VALUES
(16, '中級課程'),
(9, '全身運動'),
(6, '功能性訓練'),
(14, '大班制'),
(13, '小班制'),
(7, '心肺耐力'),
(15, '新手友善'),
(18, '早晨課程'),
(19, '晚上課程'),
(1, '有氧訓練'),
(2, '核心訓練'),
(20, '熱門'),
(8, '爆發力'),
(5, '瑜珈'),
(10, '筋膜放鬆'),
(3, '肌肉伸展'),
(12, '週末課程'),
(11, '週間課程'),
(4, '重量訓練'),
(17, '高級課程');

-- --------------------------------------------------------

--
-- 資料表結構 `users`
--

CREATE TABLE `users` (
  `id` bigint UNSIGNED NOT NULL,
  `email` varchar(255) NOT NULL,
  `image` varchar(255) DEFAULT NULL,
  `emailVerified` datetime(3) DEFAULT NULL,
  `password_hash` varchar(64) CHARACTER SET utf8mb4 COLLATE utf8mb4_0900_ai_ci DEFAULT NULL,
  `oauth_provider` varchar(20) DEFAULT NULL,
  `created_at` timestamp NULL DEFAULT CURRENT_TIMESTAMP,
  `updated_at` timestamp NULL DEFAULT CURRENT_TIMESTAMP,
  `resetToken` varchar(255) DEFAULT NULL,
  `resetTokenExpiry` datetime DEFAULT NULL
) ENGINE=InnoDB DEFAULT CHARSET=utf8mb4 COLLATE=utf8mb4_0900_ai_ci;

--
-- 傾印資料表的資料 `users`
--

INSERT INTO `users` (`id`, `email`, `image`, `emailVerified`, `password_hash`, `oauth_provider`, `created_at`, `updated_at`, `resetToken`, `resetTokenExpiry`) VALUES
(1, 'tcao@gmail.com', NULL, NULL, '$2a$08$0kIlCLXSsdm0eIo1Vwp6revszQKZiGXEI9yCk/YtZC9nGWj5gAnt.', NULL, '2025-05-09 03:01:07', '2025-05-14 01:56:22', NULL, NULL),
(2, 'gangliang@tian.com', NULL, NULL, '$2a$08$p7EYnWjrm3yPo4xP5oCuK.PsemsQ4NEELaCgOxwHzwCuKMaxmfiJ2', NULL, '2025-05-09 03:01:07', '2025-05-14 01:56:22', NULL, NULL),
(3, 'jiangyang@yahoo.com', NULL, NULL, '$2a$08$RYQdFEwRfqotPSmdmOJFBugZ2i47TqyvMAPoZI5yPcsXvzhfvUobi', NULL, '2025-05-09 03:01:07', '2025-05-14 01:56:22', NULL, NULL),
(4, 'xia10@meng.tw', NULL, NULL, '$2a$08$GQYZgsIJMGbLhAuIG6znquPsy1yTjQwi.uwEORcgqewe/unR6Clee', NULL, '2025-05-09 03:01:07', '2025-05-14 01:56:22', NULL, NULL),
(5, 'junye@gmail.com', NULL, NULL, '$2a$08$AWzaIaUfoeBqIIT3j.VJ6O7SgfOjafy3CoGC/lM6JsnqHCOyKjGwS', NULL, '2025-05-09 03:01:07', '2025-05-14 01:56:22', NULL, NULL),
(6, 'fangchang@yahoo.com', NULL, NULL, '$2a$08$FehSjmaTxt3jULteCmrDNeZYeZb5/lVMZJSm3lBt1g2Nuifc3Roe6', NULL, '2025-05-09 03:01:07', '2025-05-14 01:56:22', NULL, NULL),
(7, 'yanghou@xue.com', NULL, NULL, '$2a$08$PAjwY5w3FhbgNhpyx0cBHO40mArnYvksuSEX3pEfhW6mlJGbET5jq', NULL, '2025-05-09 03:01:07', '2025-05-14 01:56:22', NULL, NULL),
(8, 'pengguiying@dai.com', NULL, NULL, '$2a$08$BK7QUqtXXGnYD0231tXwnu/lwpK2OfsUM1pV9JewmQevEKTS9AO8e', NULL, '2025-05-09 03:01:07', '2025-05-14 01:56:22', NULL, NULL),
(9, 'xiulan63@hotmail.com', NULL, NULL, '$2a$08$.T65Rx.IH1rnc28betROruAM/PaV4g7csE90bH9ylQWc0zauOqfSW', NULL, '2025-05-09 03:01:07', '2025-05-14 01:56:22', NULL, NULL),
(10, 'huangwei@fan.com', NULL, NULL, '$2a$08$jrLov/ijjL.NAy65JSEOF.4zAsUJWF4HUzXYGhPoYbn2lWERp0ofS', NULL, '2025-05-09 03:01:07', '2025-05-14 01:56:22', NULL, NULL),
(11, 'leiye@cui.tw', NULL, NULL, '$2a$08$kE7Gf1H/oNXYOKTD2w.3D.a4Q8r3w/q42macsQ56nEhYA0tLNDQQS', NULL, '2025-05-09 03:01:07', '2025-05-14 01:56:22', NULL, NULL),
(12, 'mxie@gmail.com', NULL, NULL, '$2a$08$jdZ//Fs3ifz54iVzAFivBeH0LXbU5yQQkI4WahNHPh8mrCrL8yJiq', NULL, '2025-05-09 03:01:07', '2025-05-14 01:56:22', NULL, NULL),
(13, 'huguiying@hotmail.com', NULL, NULL, '$2a$08$35ihNcjQ.k1T2qXK5Zo0n.tzEIC0GZmtS/2UZ8MUnTBgtfTyCW2Eq', NULL, '2025-05-09 03:01:07', '2025-05-14 01:56:22', NULL, NULL),
(14, 'fang52@bai.com', NULL, NULL, '$2a$08$DQCPgWWVufx/0dr8X/bQbu.lQmcSrHwN8Dd8xfQ3FuzSkor/U.et6', NULL, '2025-05-09 03:01:07', '2025-05-14 01:56:22', NULL, NULL),
(15, 'gaoyong@hotmail.com', NULL, NULL, '$2a$08$06cLkdRfmPHJgaEdmwmwIukNQuykC5ZTNagVd4X4.GpF4RWnbAQYK', NULL, '2025-05-09 03:01:07', '2025-05-14 01:56:22', NULL, NULL),
(16, 'jing75@ding.tw', NULL, NULL, '$2a$08$Uxi5bE3UUYATHYxUXKsf.upJcDMwlXUV1YZPnTfda9oJhyR/pvuHG', NULL, '2025-05-09 03:01:07', '2025-05-14 01:56:22', NULL, NULL),
(17, 'taoyong@wu.com', NULL, NULL, '$2a$08$StoqPCshLX9uPY7EQ8ACaO0tAHMYA4Wr9c9Lx1Qfsri2SmA0fIM.e', NULL, '2025-05-09 03:01:07', '2025-05-14 01:56:22', NULL, NULL),
(18, 'junhao@gmail.com', NULL, NULL, '$2a$08$0vfz6SxoRdyGrNNX7NU9teOu0dt.lS7HM.GgBP5FsdGbcxM6mxV0a', NULL, '2025-05-09 03:01:07', '2025-05-14 01:56:22', NULL, NULL),
(19, 'qiangdai@yahoo.com', NULL, NULL, '$2a$08$60CIjgnQQoUNNsxxNS0e9u5mhOarJos9u/QA0jr8Zx4A8w2nbaQi2', NULL, '2025-05-09 03:01:07', '2025-05-14 01:56:22', NULL, NULL),
(20, 'gang34@hotmail.com', NULL, NULL, '$2a$08$4UepJtY0PzBy0LELqinMdeYtFDpPIt9X8BJC4Ckd5b4rMAu2PP3D.', NULL, '2025-05-09 03:01:07', '2025-05-14 01:56:22', NULL, NULL),
(21, 'eguo@feng.tw', NULL, NULL, '$2a$08$lV7GzxJ/l6EuqmveUAHbrOz2OjG.ShPXpVyNpZQZAASd/7fcKkvN6', NULL, '2025-05-09 03:01:07', '2025-05-14 01:56:22', NULL, NULL),
(22, 'yong78@qian.net', NULL, NULL, '$2a$08$u2zyLQzvSGq2eqHnEuZKSOu38m7MYxSfoOonD8u3q.2aVsmCtjT02', NULL, '2025-05-09 03:01:07', '2025-05-14 01:56:22', NULL, NULL),
(23, 'liaona@yin.com', NULL, NULL, '$2a$08$BPP39GDWazBV33tYblU/RObYhwiGIftDlPT6k1R9s8RoPmBa8n2Dm', NULL, '2025-05-09 03:01:07', '2025-05-14 01:56:22', NULL, NULL),
(24, 'uluo@yahoo.com', NULL, NULL, '$2a$08$Iclf8arKx35JkJ/CG8.LguppgwQP2gNfudN42ENaYveTpehOBgesK', NULL, '2025-05-09 03:01:07', '2025-05-14 01:56:22', NULL, NULL),
(25, 'haoyan@han.com', NULL, NULL, '$2a$08$wAsxpyTvp8z7ViFFnSUmHOlrf5MRFofHjR.DZj4geg/ktT3uM3.cW', NULL, '2025-05-09 03:01:07', '2025-05-14 01:56:22', NULL, NULL),
(26, 'jing19@gmail.com', NULL, NULL, '$2a$08$Wp/.Otohr37Cq56Ew4nF9eTyxaxFw/UuFDzVKli72AMvT5fCixjDW', NULL, '2025-05-09 03:01:07', '2025-05-14 01:56:22', NULL, NULL),
(27, 'lijie@gmail.com', NULL, NULL, '$2a$08$3HcQsyPOeDVDdqBrLnfzkeTi6ZIezifOou7ONs/WaI7RHODqU7DoW', NULL, '2025-05-09 03:01:07', '2025-05-14 01:56:22', NULL, NULL),
(28, 'gang21@liang.net', NULL, NULL, '$2a$08$Ik6/d0YFzOKZ6A3OML.utuhHd6tYmU3yPQIvr2FwbQVkOK/ausWd6', NULL, '2025-05-09 03:01:07', '2025-05-14 01:56:22', NULL, NULL),
(29, 'nazeng@yan.tw', NULL, NULL, '$2a$08$WC0y40LOaHo9iBXWNqQYdeuSzqQbHT5hnCXuNKGsLgazxXNq2O4GG', NULL, '2025-05-09 03:01:07', '2025-05-14 01:56:22', NULL, NULL),
(30, 'sqian@hotmail.com', NULL, NULL, '$2a$08$eozTQbJh/woniBm3KEhyXuc25YMjsUtfTn951DtQUtMMasf8VYnhy', NULL, '2025-05-09 03:01:07', '2025-05-14 01:56:22', NULL, NULL),
(31, 'yuzijohn@hello.com', NULL, NULL, '$2a$08$8.1xc4rV7t2Oc1mTTvDO1uMtxNukPSOOPYGy4qKHmY7ueA/zy2NGS', NULL, '2025-05-09 03:01:07', '2025-05-14 01:56:22', NULL, NULL),
(32, 'sheepranyoung@gmail.com', NULL, NULL, '$2b$10$y/O7DqqzlBXNT63tihTugORQ7FOUUFmonEbve2yT/Pz8VKXuAwl3.', NULL, '2025-05-13 03:54:09', '2025-05-14 01:56:22', NULL, NULL),
(50, 'test01@gmail.com', NULL, NULL, '$2b$10$2.hwI3h/1V3KxrqKBCQXu.pSJQr648cVGyJsXaTeQ2VXm2mfnY4ki', NULL, '2025-05-26 02:20:44', '2025-05-26 02:20:44', NULL, NULL),
(52, 'anne547@test.com', NULL, NULL, '$2b$10$rP/ftLvs3fSfb4.QsVwya.IiRqe15gA8oJu8YCaP0bzd7sRmipYla', NULL, '2025-05-26 06:44:42', '2025-05-26 06:44:42', NULL, NULL),
(53, 'cadefgh456hgf@gmail.com', NULL, NULL, '$2b$12$KeJa36W4Uger8mZiwyAOyemPPvn4WjjvPsQfuvudPk2YYOGv253E.', NULL, '2025-05-27 06:00:40', '2025-05-27 06:00:40', '3bd4ecd8630407e76435ebe6993d1e5ad3248d6930448d6378b8592f60c0b242', '2025-05-29 15:20:14'),
(56, 'nexfit0055@gmail.com', NULL, NULL, '$2b$10$IvV8Rz3ZPStsfRsTxTDfSuJJErBaVC0YPVT0CAGNOK9fb1gwQZO2W', NULL, '2025-05-29 08:15:32', '2025-05-29 08:15:32', NULL, NULL),
(57, 'eatbear25@gmail.com', 'https://lh3.googleusercontent.com/a/ACg8ocIVzCBkB6vuPJzcTTSjz8LfJtZfvVeESjfCtqzth7EEtUfhGJA=s96-c', '2025-08-18 16:01:25.541', NULL, 'firebase_google', '2025-08-18 08:01:25', '2025-08-18 08:01:25', NULL, NULL),
(58, 'test@gmail.com', NULL, NULL, '$2b$10$p5.uySlhq79O7cwRFEYmg.lZUo6wjvya4vNJqwzNj3h3hxpc2Sk/G', NULL, '2025-08-18 08:03:15', '2025-08-18 08:03:15', NULL, NULL),
(59, 'hello@gmail.com', NULL, NULL, '$2b$10$B4zDwAIAbUsemsJLZf5E6.uop/unrou2kSUcRDpQFJWSuYszNx0Zu', NULL, '2025-08-24 09:00:37', '2025-08-24 09:00:37', NULL, NULL);

-- --------------------------------------------------------

--
-- 資料表結構 `user_discounts`
--

CREATE TABLE `user_discounts` (
  `id` int NOT NULL,
  `user_id` bigint UNSIGNED NOT NULL,
  `discount_id` int NOT NULL,
  `is_used` tinyint(1) DEFAULT '0',
  `expires_at` timestamp NULL DEFAULT NULL,
  `created_at` timestamp NULL DEFAULT CURRENT_TIMESTAMP
) ENGINE=InnoDB DEFAULT CHARSET=utf8mb4 COLLATE=utf8mb4_0900_ai_ci;

--
-- 傾印資料表的資料 `user_discounts`
--

INSERT INTO `user_discounts` (`id`, `user_id`, `discount_id`, `is_used`, `expires_at`, `created_at`) VALUES
(4, 2, 2, 0, '2025-11-29 16:00:00', '2025-05-18 06:04:16'),
(5, 2, 5, 0, '2025-12-24 16:00:00', '2025-05-18 06:04:16'),
(6, 3, 6, 1, '2025-11-14 16:00:00', '2025-05-18 06:04:16'),
(7, 3, 7, 1, '2025-10-09 16:00:00', '2025-05-18 06:04:16'),
(10, 32, 1, 0, '2025-05-30 16:00:00', '2025-05-21 05:36:53'),
(11, 32, 2, 0, '2025-06-29 16:00:00', '2025-05-21 05:37:07'),
(12, 31, 2, 0, '2025-06-29 16:00:00', '2025-05-21 06:09:02'),
(14, 31, 1, 1, '2025-06-29 16:00:00', '2025-05-21 06:09:51'),
(15, 31, 3, 0, '2025-06-29 16:00:00', '2025-05-21 06:09:54'),
(16, 3, 1, 1, NULL, '2025-05-26 08:05:05'),
(17, 3, 8, 1, NULL, '2025-05-26 08:05:15'),
(18, 3, 5, 1, NULL, '2025-05-26 08:25:41'),
(24, 32, 1, 0, '2025-12-30 16:00:00', '2025-05-26 09:05:24'),
(25, 32, 1, 0, '2025-12-30 16:00:00', '2025-05-26 09:05:54'),
(26, 56, 1, 1, '2025-06-29 16:00:00', '2025-06-02 01:22:01'),
(27, 56, 2, 1, '2025-06-29 16:00:00', '2025-06-02 01:22:03'),
(28, 56, 3, 1, '2025-06-29 16:00:00', '2025-06-02 01:22:14'),
(29, 56, 4, 1, '2025-06-29 16:00:00', '2025-06-02 01:24:36'),
(30, 56, 1, 1, '2025-12-30 16:00:00', '2025-06-03 09:44:03');

-- --------------------------------------------------------

--
-- 資料表結構 `user_profiles`
--

CREATE TABLE `user_profiles` (
  `user_id` bigint UNSIGNED NOT NULL,
  `name` varchar(100) CHARACTER SET utf8mb4 COLLATE utf8mb4_0900_ai_ci DEFAULT NULL,
  `nickname` varchar(100) CHARACTER SET utf8mb4 COLLATE utf8mb4_0900_ai_ci DEFAULT NULL,
  `phone` varchar(50) CHARACTER SET utf8mb4 COLLATE utf8mb4_0900_ai_ci DEFAULT NULL,
  `birthdate` date DEFAULT NULL,
  `address` varchar(255) CHARACTER SET utf8mb4 COLLATE utf8mb4_0900_ai_ci DEFAULT NULL,
  `gender` varchar(10) CHARACTER SET utf8mb4 COLLATE utf8mb4_0900_ai_ci DEFAULT NULL,
  `newsletter` tinyint(1) DEFAULT NULL,
  `created_at` timestamp NULL DEFAULT CURRENT_TIMESTAMP,
  `avatar_url` varchar(256) CHARACTER SET utf8mb4 COLLATE utf8mb4_0900_ai_ci DEFAULT NULL,
  `updated_at` timestamp NULL DEFAULT CURRENT_TIMESTAMP
) ENGINE=InnoDB DEFAULT CHARSET=utf8mb4 COLLATE=utf8mb4_0900_ai_ci;

--
-- 傾印資料表的資料 `user_profiles`
--

INSERT INTO `user_profiles` (`user_id`, `name`, `nickname`, `phone`, `birthdate`, `address`, `gender`, `newsletter`, `created_at`, `avatar_url`, `updated_at`) VALUES
(1, '羅俊宇', '羅勒醬', '0937162615', '1984-05-19', '高雄市前金區前金十路', 'male', 1, '2025-05-09 03:28:45', 'https://res.cloudinary.com/dfjhancul/image/upload/v1748244562/rn3xtd7mc6mvfk3ibuwy.jpg', '2025-05-27 08:45:15'),
(2, '周柏翰', '周ggooo', '0951186672', '1992-11-03', '', 'male', 1, '2025-05-09 03:28:45', '', '2025-05-14 07:01:06'),
(3, '陳詩涵', '陳妹', '0989568417', '1997-08-14', '高雄市前金區中正路281號2樓', 'female', 1, '2025-05-09 03:28:45', NULL, '2025-05-27 07:07:19'),
(4, '黃雅婷', '黃雅婷小可愛', '0918923476', '1989-03-27', '', 'female', 1, '2025-05-09 03:28:45', '', '2025-05-14 06:18:01'),
(5, '林志明', '林哥', '0972345189', '1973-12-10', '', 'male', 0, '2025-05-09 03:28:45', '', '2025-05-14 04:03:10'),
(6, '吳美玲', '吳姐', '0933812946', '1981-06-22', '', 'female', 1, '2025-05-09 03:28:45', '', '2025-05-14 06:21:23'),
(7, '張家豪', '張大大', '0955267831', '1986-09-05', '', 'male', 0, '2025-05-09 03:28:45', NULL, '2025-05-14 01:57:11'),
(8, '許雅琪', '許寶寶', '0921654387', '1994-04-18', '', 'female', 1, '2025-05-09 03:28:45', NULL, '2025-05-14 01:57:11'),
(9, '王建平', '王建平仔', '0967431852', '1976-10-29', '', 'male', 0, '2025-05-09 03:28:45', NULL, '2025-05-14 01:57:11'),
(10, '蔡佳穎', '蔡醬', '0929785341', '1990-07-13', '', 'female', 1, '2025-05-09 03:28:45', NULL, '2025-05-14 01:57:11'),
(11, '李俊德', '李寶寶', '0938214675', '1982-02-24', '', 'male', 0, '2025-05-09 03:28:45', NULL, '2025-05-14 01:57:11'),
(12, '楊雅琳', '楊雅琳大大', '0947632198', '1995-11-08', '', 'female', 1, '2025-05-09 03:28:46', NULL, '2025-05-14 01:57:11'),
(13, '林子瑜', '林仔', '0926573814', '1987-01-15', '', 'female', 0, '2025-05-09 03:28:46', NULL, '2025-05-14 01:57:11'),
(14, '陳建志', '陳哥', '0958391427', '1979-08-30', '', 'male', 1, '2025-05-09 03:28:46', NULL, '2025-05-14 01:57:11'),
(15, '劉美玲', '劉寶寶', '0912845763', '1993-05-12', '', 'female', 0, '2025-05-09 03:28:46', NULL, '2025-05-14 01:57:11'),
(16, '王俊豪', '王醬', '0973526189', '1977-09-23', '', 'male', 1, '2025-05-09 03:28:46', NULL, '2025-05-14 01:57:11'),
(17, '謝佳穎', '謝妹', '0934871295', '1988-03-06', '', 'female', 0, '2025-05-09 03:28:46', NULL, '2025-05-14 01:57:11'),
(18, '張家瑋', '張家瑋小可愛', '0961349278', '1998-12-17', '', 'male', 1, '2025-05-09 03:28:46', NULL, '2025-05-14 01:57:11'),
(19, '林雅芳', '林姐', '0943792156', '1985-07-28', '', 'female', 0, '2025-05-09 03:28:46', NULL, '2025-05-14 01:57:11'),
(20, '黃志偉', '黃大大', '0927483651', '1974-04-09', '', 'male', 1, '2025-05-09 03:28:46', NULL, '2025-05-14 01:57:11'),
(21, '陳雅婷', '陳雅婷仔', '0956217893', '1996-10-21', '', 'female', 0, '2025-05-09 03:28:46', NULL, '2025-05-14 01:57:11'),
(22, '李建德', '李哥', '0919634752', '1980-01-03', '', 'male', 1, '2025-05-09 03:28:46', NULL, '2025-05-14 01:57:11'),
(23, '許家瑜', '許醬', '0971528346', '1991-06-14', '', 'female', 0, '2025-05-09 03:28:46', NULL, '2025-05-14 01:57:11'),
(24, '周志明', '周志明寶寶', '0932167495', '1978-11-25', '', 'male', 1, '2025-05-09 03:28:46', NULL, '2025-05-14 01:57:11'),
(25, '吳佳穎', '吳妹', '0949385271', '1993-09-02', '', 'female', 0, '2025-05-09 03:28:46', NULL, '2025-05-14 01:57:11'),
(26, '蔡俊宏', '蔡大大', '0915742639', '1983-05-16', '', 'male', 1, '2025-05-09 03:28:46', NULL, '2025-05-14 01:57:11'),
(27, '林雅琪', '林小可愛', '0964213587', '1999-02-27', '', 'female', 0, '2025-05-09 03:28:46', NULL, '2025-05-14 01:57:11'),
(28, '張志豪', '張仔', '0936478912', '1975-08-11', '', 'male', 1, '2025-05-09 03:28:46', NULL, '2025-05-14 01:57:11'),
(29, '王美玲', '王姐', '0953894261', '1986-12-24', '', 'female', 0, '2025-05-09 03:28:46', NULL, '2025-05-14 01:57:11'),
(30, '陳俊德', '陳寶寶', '0924651738', '1990-04-07', '', 'male', 1, '2025-05-09 03:28:46', NULL, '2025-05-14 01:57:11'),
(31, '余梓姜', '魚', '0913342548', '1991-03-08', '', 'female', 1, '2025-05-09 03:28:46', '', '2025-05-16 03:45:34'),
(32, '楊陶芝', '羊跑了', '0919822637', '1999-07-31', '', 'female', 0, '2025-05-13 03:54:32', '', '2025-05-23 03:55:42'),
(50, '測試人員又沉', '沈沈', '0932413432', '2025-05-20', '台南市建平一街88號', 'male', 1, '2025-05-26 02:20:44', 'https://res.cloudinary.com/dfjhancul/image/upload/v1748243216/yaeyhucy5bc4oximlsfd.jpg', '2025-05-26 07:06:57'),
(52, 'Anne', '小安', '0987654321', '1994-06-08', '美國紐約州紐約市布魯克林', NULL, NULL, '2025-05-26 06:44:42', NULL, '2025-05-26 06:46:58'),
(53, '測試人員', NULL, '0932142413', '2025-05-12', NULL, NULL, 1, '2025-05-27 06:00:40', 'https://res.cloudinary.com/dfjhancul/image/upload/v1748494609/sleqpshdietqndbesrsy.jpg', '2025-05-29 04:56:50'),
(56, 'Nexfit', NULL, '0945223775', '1998-07-19', '高雄市前金區中正四路211號', NULL, 1, '2025-05-29 08:15:32', NULL, '2025-06-02 01:25:48'),
(57, '吃熊', NULL, NULL, NULL, NULL, NULL, NULL, '2025-08-18 08:01:25', 'https://lh3.googleusercontent.com/a/ACg8ocIVzCBkB6vuPJzcTTSjz8LfJtZfvVeESjfCtqzth7EEtUfhGJA=s96-c', '2025-08-18 08:01:25'),
(58, '測試帳號', NULL, '0905222111', '2025-08-11', NULL, NULL, NULL, '2025-08-18 08:03:15', NULL, '2025-08-18 08:03:15'),
(59, '王阿明', NULL, '0933286544', '2025-08-02', NULL, NULL, NULL, '2025-08-24 09:00:37', NULL, '2025-08-24 09:00:37');

--
-- 已傾印資料表的索引
--

--
-- 資料表索引 `accounts`
--
ALTER TABLE `accounts`
  ADD PRIMARY KEY (`id`),
  ADD UNIQUE KEY `Account_provider_providerAccountId_key` (`provider`,`providerAccountId`),
  ADD KEY `Account_userId_fkey` (`userId`);

--
-- 資料表索引 `body_measurements`
--
ALTER TABLE `body_measurements`
  ADD PRIMARY KEY (`measurement_id`),
  ADD KEY `user_id` (`user_id`);

--
-- 資料表索引 `carts`
--
ALTER TABLE `carts`
  ADD PRIMARY KEY (`id`),
  ADD UNIQUE KEY `uq_user_status` (`user_id`);

--
-- 資料表索引 `cart_items`
--
ALTER TABLE `cart_items`
  ADD PRIMARY KEY (`id`),
  ADD UNIQUE KEY `uq_cart_product` (`cart_id`,`product_id`),
  ADD KEY `fk_cart_items_product` (`product_id`);

--
-- 資料表索引 `categories`
--
ALTER TABLE `categories`
  ADD PRIMARY KEY (`id`),
  ADD UNIQUE KEY `name` (`name`);

--
-- 資料表索引 `coach`
--
ALTER TABLE `coach`
  ADD PRIMARY KEY (`id`);

--
-- 資料表索引 `coach_categories`
--
ALTER TABLE `coach_categories`
  ADD PRIMARY KEY (`id`),
  ADD UNIQUE KEY `id` (`id`),
  ADD UNIQUE KEY `coach_id` (`coach_id`,`category_id`);

--
-- 資料表索引 `comments`
--
ALTER TABLE `comments`
  ADD PRIMARY KEY (`id`),
  ADD KEY `product_id` (`product_id`),
  ADD KEY `fk_user` (`user_id`);

--
-- 資料表索引 `courses`
--
ALTER TABLE `courses`
  ADD PRIMARY KEY (`id`),
  ADD KEY `coach_id` (`coach_id`),
  ADD KEY `fk_courses_category` (`category_id`);

--
-- 資料表索引 `course_categories`
--
ALTER TABLE `course_categories`
  ADD PRIMARY KEY (`id`),
  ADD UNIQUE KEY `name` (`name`);

--
-- 資料表索引 `course_likes`
--
ALTER TABLE `course_likes`
  ADD PRIMARY KEY (`id`),
  ADD UNIQUE KEY `user_id` (`user_id`,`course_id`),
  ADD KEY `course_id` (`course_id`);

--
-- 資料表索引 `course_occurrences`
--
ALTER TABLE `course_occurrences`
  ADD PRIMARY KEY (`id`),
  ADD KEY `course_id` (`course_id`);

--
-- 資料表索引 `course_recurrences`
--
ALTER TABLE `course_recurrences`
  ADD PRIMARY KEY (`id`),
  ADD KEY `course_id` (`course_id`);

--
-- 資料表索引 `course_reservations`
--
ALTER TABLE `course_reservations`
  ADD PRIMARY KEY (`id`),
  ADD UNIQUE KEY `user_id` (`user_id`,`occurrence_id`),
  ADD KEY `occurrence_id` (`occurrence_id`);

--
-- 資料表索引 `course_tags`
--
ALTER TABLE `course_tags`
  ADD PRIMARY KEY (`id`),
  ADD UNIQUE KEY `name` (`name`);

--
-- 資料表索引 `course_tags_rs`
--
ALTER TABLE `course_tags_rs`
  ADD PRIMARY KEY (`course_id`,`tag_id`),
  ADD KEY `tag_id` (`tag_id`);

--
-- 資料表索引 `discounts`
--
ALTER TABLE `discounts`
  ADD PRIMARY KEY (`id`);

--
-- 資料表索引 `favorites_products`
--
ALTER TABLE `favorites_products`
  ADD PRIMARY KEY (`id`),
  ADD UNIQUE KEY `unique_fav` (`user_id`,`product_id`);

--
-- 資料表索引 `forum_comments`
--
ALTER TABLE `forum_comments`
  ADD PRIMARY KEY (`id`),
  ADD KEY `idx_post_id` (`post_id`),
  ADD KEY `idx_user_id` (`user_id`),
  ADD KEY `idx_created_at` (`created_at`);

--
-- 資料表索引 `forum_favorites`
--
ALTER TABLE `forum_favorites`
  ADD PRIMARY KEY (`id`),
  ADD UNIQUE KEY `unique_favorite` (`user_id`,`post_id`),
  ADD KEY `post_id` (`post_id`);

--
-- 資料表索引 `forum_posts`
--
ALTER TABLE `forum_posts`
  ADD PRIMARY KEY (`id`);

--
-- 資料表索引 `forum_subscriptions`
--
ALTER TABLE `forum_subscriptions`
  ADD PRIMARY KEY (`id`),
  ADD UNIQUE KEY `email` (`email`);

--
-- 資料表索引 `forum_user_likes`
--
ALTER TABLE `forum_user_likes`
  ADD PRIMARY KEY (`id`),
  ADD UNIQUE KEY `unique_like` (`user_id`,`post_id`),
  ADD KEY `post_id` (`post_id`);

--
-- 資料表索引 `orders`
--
ALTER TABLE `orders`
  ADD PRIMARY KEY (`id`),
  ADD KEY `fk_orders_payment_id` (`payment_id`),
  ADD KEY `fk_orders_shipping_id` (`shipping_id`);

--
-- 資料表索引 `order_items`
--
ALTER TABLE `order_items`
  ADD PRIMARY KEY (`id`),
  ADD KEY `order_id` (`order_id`),
  ADD KEY `product_id` (`product_id`);

--
-- 資料表索引 `payments`
--
ALTER TABLE `payments`
  ADD PRIMARY KEY (`id`),
  ADD KEY `fk_payments_order_id` (`order_id`);

--
-- 資料表索引 `products`
--
ALTER TABLE `products`
  ADD PRIMARY KEY (`id`);

--
-- 資料表索引 `sessions`
--
ALTER TABLE `sessions`
  ADD PRIMARY KEY (`session_id`);

--
-- 資料表索引 `shippings`
--
ALTER TABLE `shippings`
  ADD PRIMARY KEY (`id`),
  ADD KEY `fk_shippings_order_id` (`order_id`);

--
-- 資料表索引 `users`
--
ALTER TABLE `users`
  ADD PRIMARY KEY (`id`),
  ADD UNIQUE KEY `id` (`id`),
  ADD UNIQUE KEY `email` (`email`),
  ADD UNIQUE KEY `User_email_key` (`email`);

--
-- 資料表索引 `user_discounts`
--
ALTER TABLE `user_discounts`
  ADD PRIMARY KEY (`id`),
  ADD KEY `discount_id` (`discount_id`);

--
-- 資料表索引 `user_profiles`
--
ALTER TABLE `user_profiles`
  ADD PRIMARY KEY (`user_id`),
  ADD UNIQUE KEY `user_id` (`user_id`);

--
-- 在傾印的資料表使用自動遞增(AUTO_INCREMENT)
--

--
-- 使用資料表自動遞增(AUTO_INCREMENT) `accounts`
--
ALTER TABLE `accounts`
  MODIFY `id` bigint UNSIGNED NOT NULL AUTO_INCREMENT, AUTO_INCREMENT=7;

--
-- 使用資料表自動遞增(AUTO_INCREMENT) `carts`
--
ALTER TABLE `carts`
  MODIFY `id` int UNSIGNED NOT NULL AUTO_INCREMENT, AUTO_INCREMENT=22;

--
-- 使用資料表自動遞增(AUTO_INCREMENT) `cart_items`
--
ALTER TABLE `cart_items`
  MODIFY `id` int UNSIGNED NOT NULL AUTO_INCREMENT, AUTO_INCREMENT=270;

--
-- 使用資料表自動遞增(AUTO_INCREMENT) `categories`
--
ALTER TABLE `categories`
  MODIFY `id` bigint UNSIGNED NOT NULL AUTO_INCREMENT, AUTO_INCREMENT=11;

--
-- 使用資料表自動遞增(AUTO_INCREMENT) `coach_categories`
--
ALTER TABLE `coach_categories`
  MODIFY `id` bigint UNSIGNED NOT NULL AUTO_INCREMENT, AUTO_INCREMENT=27;

--
-- 使用資料表自動遞增(AUTO_INCREMENT) `comments`
--
ALTER TABLE `comments`
  MODIFY `id` int UNSIGNED NOT NULL AUTO_INCREMENT, AUTO_INCREMENT=136;

--
-- 使用資料表自動遞增(AUTO_INCREMENT) `course_categories`
--
ALTER TABLE `course_categories`
  MODIFY `id` bigint UNSIGNED NOT NULL AUTO_INCREMENT, AUTO_INCREMENT=11;

--
-- 使用資料表自動遞增(AUTO_INCREMENT) `course_likes`
--
ALTER TABLE `course_likes`
  MODIFY `id` bigint NOT NULL AUTO_INCREMENT, AUTO_INCREMENT=63;

--
-- 使用資料表自動遞增(AUTO_INCREMENT) `course_occurrences`
--
ALTER TABLE `course_occurrences`
  MODIFY `id` bigint NOT NULL AUTO_INCREMENT, AUTO_INCREMENT=87;

--
-- 使用資料表自動遞增(AUTO_INCREMENT) `course_recurrences`
--
ALTER TABLE `course_recurrences`
  MODIFY `id` bigint NOT NULL AUTO_INCREMENT, AUTO_INCREMENT=33;

--
-- 使用資料表自動遞增(AUTO_INCREMENT) `course_reservations`
--
ALTER TABLE `course_reservations`
  MODIFY `id` bigint NOT NULL AUTO_INCREMENT, AUTO_INCREMENT=116;

--
-- 使用資料表自動遞增(AUTO_INCREMENT) `discounts`
--
ALTER TABLE `discounts`
  MODIFY `id` int NOT NULL AUTO_INCREMENT, AUTO_INCREMENT=9;

--
-- 使用資料表自動遞增(AUTO_INCREMENT) `favorites_products`
--
ALTER TABLE `favorites_products`
  MODIFY `id` int NOT NULL AUTO_INCREMENT, AUTO_INCREMENT=44;

--
-- 使用資料表自動遞增(AUTO_INCREMENT) `forum_comments`
--
ALTER TABLE `forum_comments`
  MODIFY `id` int NOT NULL AUTO_INCREMENT, AUTO_INCREMENT=43;

--
-- 使用資料表自動遞增(AUTO_INCREMENT) `forum_favorites`
--
ALTER TABLE `forum_favorites`
  MODIFY `id` int NOT NULL AUTO_INCREMENT, AUTO_INCREMENT=123;

--
-- 使用資料表自動遞增(AUTO_INCREMENT) `forum_posts`
--
ALTER TABLE `forum_posts`
  MODIFY `id` int NOT NULL AUTO_INCREMENT, AUTO_INCREMENT=59;

--
-- 使用資料表自動遞增(AUTO_INCREMENT) `forum_subscriptions`
--
ALTER TABLE `forum_subscriptions`
  MODIFY `id` int NOT NULL AUTO_INCREMENT, AUTO_INCREMENT=4;

--
-- 使用資料表自動遞增(AUTO_INCREMENT) `forum_user_likes`
--
ALTER TABLE `forum_user_likes`
  MODIFY `id` int NOT NULL AUTO_INCREMENT, AUTO_INCREMENT=132;

--
-- 使用資料表自動遞增(AUTO_INCREMENT) `orders`
--
ALTER TABLE `orders`
  MODIFY `id` int NOT NULL AUTO_INCREMENT, AUTO_INCREMENT=77;

--
-- 使用資料表自動遞增(AUTO_INCREMENT) `order_items`
--
ALTER TABLE `order_items`
  MODIFY `id` int NOT NULL AUTO_INCREMENT, AUTO_INCREMENT=176;

--
-- 使用資料表自動遞增(AUTO_INCREMENT) `payments`
--
ALTER TABLE `payments`
  MODIFY `id` int NOT NULL AUTO_INCREMENT, AUTO_INCREMENT=75;

--
-- 使用資料表自動遞增(AUTO_INCREMENT) `shippings`
--
ALTER TABLE `shippings`
  MODIFY `id` int NOT NULL AUTO_INCREMENT, AUTO_INCREMENT=62;

--
-- 使用資料表自動遞增(AUTO_INCREMENT) `users`
--
ALTER TABLE `users`
  MODIFY `id` bigint UNSIGNED NOT NULL AUTO_INCREMENT, AUTO_INCREMENT=60;

--
-- 使用資料表自動遞增(AUTO_INCREMENT) `user_discounts`
--
ALTER TABLE `user_discounts`
  MODIFY `id` int NOT NULL AUTO_INCREMENT, AUTO_INCREMENT=31;

--
-- 使用資料表自動遞增(AUTO_INCREMENT) `user_profiles`
--
ALTER TABLE `user_profiles`
  MODIFY `user_id` bigint UNSIGNED NOT NULL AUTO_INCREMENT, AUTO_INCREMENT=60;

--
-- 已傾印資料表的限制式
--

--
-- 資料表的限制式 `accounts`
--
ALTER TABLE `accounts`
  ADD CONSTRAINT `accounts_ibfk_1` FOREIGN KEY (`userId`) REFERENCES `users` (`id`) ON DELETE CASCADE ON UPDATE CASCADE;

--
-- 資料表的限制式 `body_measurements`
--
ALTER TABLE `body_measurements`
  ADD CONSTRAINT `body_measurements_ibfk_1` FOREIGN KEY (`user_id`) REFERENCES `user_profiles` (`user_id`);

--
-- 資料表的限制式 `carts`
--
ALTER TABLE `carts`
  ADD CONSTRAINT `fk_carts_user` FOREIGN KEY (`user_id`) REFERENCES `users` (`id`) ON DELETE CASCADE ON UPDATE CASCADE;

--
-- 資料表的限制式 `comments`
--
ALTER TABLE `comments`
  ADD CONSTRAINT `comments_ibfk_1` FOREIGN KEY (`product_id`) REFERENCES `products` (`id`) ON DELETE CASCADE,
  ADD CONSTRAINT `fk_user` FOREIGN KEY (`user_id`) REFERENCES `user_profiles` (`user_id`) ON DELETE SET NULL;

--
-- 資料表的限制式 `course_likes`
--
ALTER TABLE `course_likes`
  ADD CONSTRAINT `course_likes_ibfk_1` FOREIGN KEY (`user_id`) REFERENCES `users` (`id`) ON DELETE CASCADE,
  ADD CONSTRAINT `course_likes_ibfk_2` FOREIGN KEY (`course_id`) REFERENCES `courses` (`id`) ON DELETE CASCADE;

--
-- 資料表的限制式 `course_occurrences`
--
ALTER TABLE `course_occurrences`
  ADD CONSTRAINT `course_occurrences_ibfk_1` FOREIGN KEY (`course_id`) REFERENCES `courses` (`id`) ON DELETE CASCADE;

--
-- 資料表的限制式 `course_recurrences`
--
ALTER TABLE `course_recurrences`
  ADD CONSTRAINT `course_recurrences_ibfk_1` FOREIGN KEY (`course_id`) REFERENCES `courses` (`id`) ON DELETE CASCADE;

--
-- 資料表的限制式 `course_reservations`
--
ALTER TABLE `course_reservations`
  ADD CONSTRAINT `course_reservations_ibfk_1` FOREIGN KEY (`user_id`) REFERENCES `users` (`id`),
  ADD CONSTRAINT `course_reservations_ibfk_2` FOREIGN KEY (`occurrence_id`) REFERENCES `course_occurrences` (`id`);

--
-- 資料表的限制式 `forum_favorites`
--
ALTER TABLE `forum_favorites`
  ADD CONSTRAINT `forum_favorites_ibfk_1` FOREIGN KEY (`user_id`) REFERENCES `user_profiles` (`user_id`) ON DELETE CASCADE,
  ADD CONSTRAINT `forum_favorites_ibfk_2` FOREIGN KEY (`post_id`) REFERENCES `forum_posts` (`id`) ON DELETE CASCADE;

--
-- 資料表的限制式 `forum_user_likes`
--
ALTER TABLE `forum_user_likes`
  ADD CONSTRAINT `forum_user_likes_ibfk_1` FOREIGN KEY (`post_id`) REFERENCES `forum_posts` (`id`) ON DELETE CASCADE;

--
-- 資料表的限制式 `orders`
--
ALTER TABLE `orders`
  ADD CONSTRAINT `fk_orders_payment_id` FOREIGN KEY (`payment_id`) REFERENCES `payments` (`id`) ON DELETE SET NULL,
  ADD CONSTRAINT `fk_orders_shipping_id` FOREIGN KEY (`shipping_id`) REFERENCES `shippings` (`id`) ON DELETE SET NULL;

--
-- 資料表的限制式 `payments`
--
ALTER TABLE `payments`
  ADD CONSTRAINT `fk_payments_order_id` FOREIGN KEY (`order_id`) REFERENCES `orders` (`id`) ON DELETE CASCADE;

--
-- 資料表的限制式 `shippings`
--
ALTER TABLE `shippings`
  ADD CONSTRAINT `fk_shippings_order_id` FOREIGN KEY (`order_id`) REFERENCES `orders` (`id`) ON DELETE CASCADE;

--
-- 資料表的限制式 `user_discounts`
--
ALTER TABLE `user_discounts`
  ADD CONSTRAINT `user_discounts_ibfk_1` FOREIGN KEY (`discount_id`) REFERENCES `discounts` (`id`);

--
-- 資料表的限制式 `user_profiles`
--
ALTER TABLE `user_profiles`
  ADD CONSTRAINT `user_profiles_ibfk_1` FOREIGN KEY (`user_id`) REFERENCES `users` (`id`);
COMMIT;

/*!40101 SET CHARACTER_SET_CLIENT=@OLD_CHARACTER_SET_CLIENT */;
/*!40101 SET CHARACTER_SET_RESULTS=@OLD_CHARACTER_SET_RESULTS */;
/*!40101 SET COLLATION_CONNECTION=@OLD_COLLATION_CONNECTION */;
